C30B02B7
00028293
0002A303
FF8803B7
FFF38393
00737333
0062A023
00010001
00010001
00010001
00010001
00010001
00010001
00010001
00010001
00010001
00010001
00010001
00010001
00010001
30047073
00000517
FAC50513
05F64585
00B57A63
77638189
051700B5
05130000
850200A5
3E081197
FE418193
3E08D117
F8410113
20000293
7D02A073
5E08D297
F7428293
30729073
5E08D297
03428293
7EC29073
7EC0E073
00006297
89828293
30529073
03F00293
3052B073
3051E073
3202F073
0000A517
54850513
5E08D597
F3458593
5E08E617
55060613
00C5FA63
00052283
0055A023
05910511
FEC5EAE3
0000C517
B4050513
3E080597
F0858593
3E080617
77060613
00C5FA63
00052283
0055A023
05910511
FEC5EAE3
3E080517
75450513
3E083597
ACC58593
00B57763
00052023
6DE30511
C517FEB5
05133E08
D597EC65
85933E08
7B63EBE5
52B700B5
82935152
20232512
05110055
FEB56DE3
214050EF
45814501
50EF2821
A0012080
FFFFFFFF
FFFFFFFF
FFFFFFFF
FFFFFFFF
029082EF
17B040EF
7CB030EF
620010EF
806F4501
F81303B0
715D0407
00009F17
8A4F0F13
00081663
00009F17
870F0F13
0017FE93
03000E13
000E9463
02000E13
CB958B89
02065963
40C00633
0813177D
089302D0
478100C1
02D67333
07858FB2
937A0885
00034303
02D65633
FE688FA3
FEDFF4E3
C219A811
BFE14801
03000793
00F10623
47854801
06138F1D
82630200
0D63020E
06930408
00230015
15FD0105
E5B18536
80826161
002315FD
050500C5
86BAD9F5
49E3177D
BFE1FED0
002315FD
050501C5
06B3D1E5
49E340A7
577DFED0
17FD95AA
FCE788E3
96BE0074
0006C683
0FA30505
16E3FED5
BF6DFEB5
853686AA
BFD19736
D20007B7
0007C783
8385050A
C3AD8BBD
0FF7F793
88BE470D
00F77363
0637488D
962AD200
97B26785
C7034685
96B30037
16FD0116
0FF6F793
0FF6F693
0FF8F813
0FF77713
00D5F463
0FF5F793
173346A1
86B30107
77134106
57330FF7
97B34107
8FD900D7
F7936705
963A0FF7
00F601A3
D2000737
00074683
82854789
E4638ABD
678502D7
973E972A
00374783
06B34621
D7B340D6
97B340D7
E79300D7
F79301F7
01A30FF7
17B700F7
953ED200
00154783
0017E793
00F500A3
27378082
2783C30D
26834047
76414247
8EF1167D
F9000637
8FF1167D
04000637
22238FD1
222340F7
808242D7
650082EF
DE010113
0613842A
95972200
85930000
850AA2A5
01F050EF
3E080797
5087A023
02200793
02F407B3
35B71418
A503C30D
E3378345
0613E000
7613FF44
97BA0FF6
DEC7D703
DE67D683
8A858B05
8F550732
DE27D683
06C28A8D
D6838F55
8ABDDE07
8F5506D2
FF0CF6B7
8EE916F9
AA238F55
A70382E5
D7038385
D683DE87
6509DEA7
8F550742
DFA7D683
82E5AC23
DFC7D703
8EE9157D
83C5A883
06C28F69
27378ED9
08131FFF
F8B3FFF7
D7030068
F6B3DFE7
E6B30106
D8830116
AE23E007
A68382D5
8F698405
75330742
8F490115
0066F6B3
01077733
05178F55
05133E08
A023BCE5
568384E5
A7030085
D5838445
478DDEE7
E463E6DD
568300C7
95B600C5
05C20742
8F4D8341
02200693
02D406B3
75C1141C
05378F6D
157DFF00
D78396BE
D683DF06
8F5DDF46
C30D37B7
84E7A223
8487A703
8F6D8F69
A4238F55
A78384E7
07378807
177DFF01
472D8FF9
06876A63
073346BD
069702D4
86933E08
96BACE66
0026C703
0016C603
8F510722
8FD98FED
02200513
02A40433
36B71418
A023C30D
A78388F6
F7938106
943AF0F7
DF845703
07128B3D
A8238FD9
011380F6
806F2201
EA634D60
578300C7
97AE00C5
07C20742
8F5D8341
8793BF91
8B8DFFF6
B7F50792
67E3470D
4751FAC7
02E60633
0000A717
DEC70713
5703963A
BF490006
C30D27B7
4007A703
040006B7
83310732
A0238F55
A70340E7
16B74047
8693F0C0
7713C006
6713F007
A2230037
A70340E7
8F754147
041086B7
AA238F55
A70340E7
76FD4187
0FF68693
67138F75
AC234007
A70340E7
06B741C7
07127000
8F558311
40E7AE23
4AC7A703
8F757681
0FA76713
4AE7A623
4247A703
0EC806B7
16B78F75
86931100
8F55F076
42E7A223
4287A703
A4239B41
156342E7
08B71005
889300F1
08370F08
A62301F1
08134317
05371F08
A82303F1
05134307
05B73F05
AA2307F1
859342A7
06377F05
AC230771
061342B7
06B77706
AE230731
869342C7
07377306
A0230711
071344D7
A2237107
073744E7
07130713
A4237127
073744E7
07130715
A6237147
073744E7
07130717
A8237167
173744E7
07130F06
AA23F177
173744E7
07130F07
AC23F077
AE2344E7
A02344E7
A22346E7
A42346E7
A62346E7
A8234717
AA234707
AC2346A7
AE2346B7
A02346C7
073748D7
27B70711
0713C30D
A2237107
073748E7
07130713
A4237127
073748E7
07130715
A6237147
073748E7
07130717
A8237167
073748E7
07130707
AA237077
AC2348E7
AA2348E7
AC234AE7
80824AE7
0F141737
F1370713
42E7A623
0F161737
F1570713
42E7A823
0F061737
F1770713
42E7AA23
0F071737
F0770713
42E7AC23
42E7AE23
44E7A023
44E7A223
44E7A423
44E7A623
44E7A823
44E7AA23
44E7AC23
44E7AE23
46E7A023
46E7A223
46E7A423
00F10737
0F070713
46E7A623
01F10737
1F070713
46E7A823
03F10737
3F070713
46E7AA23
07F10737
7F070713
46E7AC23
07710737
77070713
46E7AE23
07310737
73070713
48E7A023
82EFB729
07B722A0
5BD8C305
FFF406B7
8F7516BD
000C06B7
8F5506C1
5B98DBD8
000406B7
FE001637
06B78F55
16FDFFFC
8F75DB98
5FD8DB98
100006B7
8F55167D
36B7DFD8
A703C30D
0537C306
8F71C30F
C2E6A823
C246A703
05936641
8F6DFFE6
A2238F51
5150C2E6
6585777D
85938F71
8F4D8105
75C10742
83418E6D
D1588F51
26375F98
4501C30D
DF989B79
C1C6A783
FF000737
E7938FF9
AE230097
0797C0F6
A7833E08
27038327
06B708C6
07F23000
06B78FF5
16C1D000
E7938F75
8FD90047
08F62623
450139D5
1880806F
C3050737
9BF95F1C
1737DF1C
4783D200
F7930C17
00A30FE7
80820CF7
C30D27B7
07375B94
07930200
8FF5FFF7
01000637
00C7C363
07138F99
07332190
871102E5
D5638F99
07370007
97BA0200
3E07F717
79B74703
0737C71D
177D0200
FE000637
8EF18FF9
27B78EDD
DB94C30D
00E577B3
00055563
77B3953A
373700E5
2A23C30D
808284F7
0DC082EF
3E07F417
73040413
03C45503
7FF00793
00A7F463
953E77FD
03A40783
8D1D851D
033070EF
4503892A
84AE0304
091070EF
86AE862A
85A6854A
1B4070EF
4503892A
84AE0364
00F070EF
0000A797
CB878793
43D44390
54F060EF
86AE862A
85A6854A
18C070EF
0000A797
CA478793
43D44390
17C070EF
0000A797
C9C78793
43D44390
68C060EF
76A070EF
0740806F
C30D36B7
8346A783
073D777D
8FF90512
AA238FC9
808282F6
C30D26B7
4286A783
FF000737
177D8905
8FF90562
A4238FC9
808242F6
7FF072EF
CF010113
0613842A
85972C00
85930000
08886125
1E6050EF
85974641
85930000
10080BA5
1D6050EF
85974641
85930000
08080BE5
1C6050EF
02000613
00009597
8A058593
50EF1808
09131B40
7913FF44
478D0FF9
0327FA63
FEC40793
0FF7F793
49814711
02F76063
C30D3737
C1C72783
010006B7
C63E4985
8FD547B2
47B2C63E
C0F72E23
A0194481
44854981
4501458D
3E080797
E487A823
5E08D097
88A080E7
47C938ED
1087EC63
00241713
00009797
A7078793
439C97BA
9A6346A9
46810209
473DE49D
02E406B3
3E07F717
73870713
46039736
468300C7
062200B7
46838E55
06C200D7
46838E55
06E200E7
F6178ED1
06133E07
45AD57E6
00865703
0C85E863
0533453D
F59702A4
85933E07
952E6FA5
00254783
00154803
00009517
51450513
E7B307A2
18130107
95420024
97AA4108
C32D96BE
FF840513
0FF57513
0793480D
72630200
451D04A8
04000793
02A40D63
07934519
08630800
451502A4
10000793
02A40363
07934511
0E632000
079300A4
0A634000
47890104
04F40663
67854505
00A40363
05136789
890DFFF7
02F507B3
96BE0792
07B347BD
95BE02F4
0045C503
0035C783
8D5D0522
0055C783
8D5D07C2
0065C783
8FC907E2
A89997B6
879367C5
BDDD9687
87936785
BF758007
EA63458D
45830325
57830066
97B300C6
45D100B7
02B90933
00009597
79858593
2583992E
25030049
95AA0089
558397AE
97AE0009
0593BF65
F593FEC4
45110FF5
FAB576E3
C30D26B7
05374A8C
05B7EE00
85930200
CA8C2005
8DE9468C
01F00537
C68C8DC9
05374ACC
8DC90100
56B4CACC
22048763
00A65683
25B706C2
E693C30D
D5B47056
059345B4
F593FF64
45050FF5
00B57563
186345BD
05B720B4
8EEDF000
000A05B7
08258593
25B78ECD
C5B4C30D
85330E14
46830086
4503D005
A803D105
8ABD04C5
751306B2
054203F5
0106E693
15378EC9
1501FFC0
00A87533
C5F48EC9
C30D3537
C3452683
F0000837
F6B30792
08130106
083302C0
83910304
2A238FD5
A783C2F5
65090845
157D0E1C
E000EE37
5783983E
5683D608
07C2D628
A2238FD5
A78308F5
57830885
5683D5E8
07C2D4A8
0047E793
08F5A423
578351FC
07C2D488
56838FD5
D1FCD648
D6685783
A3038EE9
8FE907C5
8EDD06C2
1FFF27B7
FFF78893
01C37333
D6885783
0116F6B3
0066E6B3
D6A85303
A683DDF4
8FE90805
753307C2
8FC90065
01C6F6B3
0117F7B3
A0238FD5
51BC08F5
D5285783
01079693
D5085783
D1BC8FD5
57834DFC
C701D548
F46346B1
47011086
5703C099
069300C6
06B302C0
0E1002D4
96B297BA
D566D683
16939736
97130107
83410107
00D767B3
02C00693
02D406B3
C30D2637
0E1CCE7C
04064E2C
D78396BE
D703D446
8B85D5A6
771307A2
07323FF7
00C7E793
17378FD9
0713FFC0
8F6DE007
CE3C8FD9
D406D583
D426D783
89BD4A38
E5930792
F7933005
83410307
77138FCD
8FD90C07
943A0E18
D2045703
659107C2
07420716
8FD98341
D783CA3C
8513D586
5E38FF05
8FE90792
D4E6D503
890515C5
8FED8FC9
05B975F1
8FCD8DF9
75C107C2
83C18F6D
C7038FD9
07A2D5C6
076283A1
DE3C8FD9
0737567C
8FF9F000
0287E793
0113D67C
706F3101
66C13C90
F0068693
05B7BBD1
8EEDF000
001405B7
0D458593
C095BBD5
00C65703
02C00693
02D406B3
97BA0E10
83C107C2
D68396B2
9736D566
8FD90742
177DB711
07128B0D
3737BFF1
2783C30D
8905C0C7
F7930522
8FC9EFF7
C0F72623
47618082
02E50733
3E07F797
1A078793
86BE4585
5B30973E
FFF60513
00A5F563
14634795
D6830CF6
07970086
C7833E08
47019EE7
46A9CE85
02F6EA63
FF878693
0FF6F693
07134609
71636000
471D02D6
08E78563
86634719
469508E7
8763670D
469100D7
83636719
470100D7
00279693
00009617
0F860613
46BD9636
02D786B3
3E07F797
2BC78793
C68397B6
C5030047
06A20037
C5038EC9
05420057
C5038EC9
05620067
42148D55
0087C603
C6839536
06220077
C6838E55
06C20097
C6838E55
06E200A7
95368ED1
0017C683
0027C783
8FD507A2
953A953E
65058082
C0050713
6509B771
80050713
4583B751
48710807
07574683
03058833
07674603
00009717
09C70713
05130689
97930320
983A0036
00684803
0AA81063
00469793
0027D513
87B347F1
053102F5
5783973E
053300C7
478302F5
15330047
478300F5
15330057
47DD00F5
02F585B3
3E07F797
2A878793
97AE8115
0047C703
02A60633
0037C503
C6830722
8F490087
0057C503
054206A2
C5038F49
05620067
C7038D59
8ED90077
0097C703
8ED90742
00A7C703
8F550762
C703953A
C68300C7
072200B7
C7038ED9
C78300D7
074200E7
07E28F55
953E8FD9
80829532
04B00513
F6A812E3
478D0696
02F6D7B3
67C1BFA1
872A7669
060595AA
FFF78513
00E59363
47838082
07050007
8D3D46A1
00157793
C7918105
00C547B3
01079513
16FD8141
0FF6F693
BFD9F6E5
00365893
0FF8F893
86AE8A1D
98174301
08130000
4B6393A8
088E0113
96974701
86930000
466392A6
80820CC7
0006C703
00855793
0FF57513
05068D39
57039542
C5030005
06A10016
D7138FB9
F7930087
8FA90FF7
97C20786
0007D783
FFA6C503
8F3D0305
00875793
0FF77713
07068F29
57039742
C5030007
8FB9FFB6
0087D713
0FF7F793
07868FA9
D78397C2
C5030007
8F3DFFC6
00875793
0FF77713
07068F29
57039742
C5030007
8FB9FFD6
0087D713
0FF7F793
07868FA9
D78397C2
C5030007
8F3DFFE6
00875793
0FF77713
07068F29
57039742
8FB90007
FFF6C703
0087D513
0FF7F793
07868FB9
D78397C2
8D3D0007
07B3B71D
97AE0117
0007C783
0FF57813
C7B38121
07860107
D78397B6
07050007
BF118D3D
80018223
478D8082
C30F0737
00A7EF63
050E4734
97B347FD
C79300A7
8FF5FFF7
00A59533
C7288D5D
15718082
050E4774
97B347FD
C79300A7
8FF5FFF7
00A59533
C7688D5D
45138082
87AEFFF5
00C588B3
8697481D
86930000
87333E26
616340F8
771304E8
5793FF86
95BA0036
87B35761
963E02E7
962EC21D
00008717
3BC70713
0005C783
8FA90585
0FF7F793
97BA078A
8121439C
95E38D3D
4513FEC5
8082FFF5
0007C703
8F2907A1
0FF77713
9736070A
00072303
FF97C703
43338121
473300A3
77130067
070A0FF7
43089736
FFA7C703
00835313
00654533
77138F29
070A0FF7
23039736
C7030007
8121FFB7
00A34333
00674733
0FF77713
9736070A
C7034308
5313FFC7
45330083
8F290065
0FF77713
9736070A
00072303
FFD7C703
43338121
473300A3
77130067
070A0FF7
43089736
FFE7C703
00835313
00654533
77138F29
070A0FF7
23039736
C7030007
8121FFF7
00A34333
00674733
0FF77713
9736070A
53134308
45330083
BDC50065
C6021141
C30F0737
5B58571C
8B9D8385
00F037B3
C31907A6
1007E793
C30F0737
C6364754
00C14683
C11C8FD5
0693571C
83853E80
0C238B9D
575C00F5
0796C402
C55C8395
C43E571C
079E47A2
87B383AD
C51C02D7
575C5714
83F982E9
8FD5079A
00F50223
C91C5B5C
83B1475C
C95C8B85
80820141
C30F07B7
4B9447D8
16FD76C1
C7D88F75
CB984705
07B78082
4398D100
43DC0516
00E506B3
00A6B533
05B7953E
4198D100
EEE341DC
1463FEA7
6AE300F5
8082FED7
61C072EF
C30E0437
76F94C7C
D71306BD
8F750107
86936685
8F558006
074207C2
8FD983C1
403CCC7C
06400513
00F7E713
0FF77713
F007F793
C03C8FD9
60300793
0793C01C
C01C6020
2BC00793
07B7D07C
879300C8
D43C28A7
033207B7
26278793
07B7D47C
87930BF1
D83C2727
E79367C1
D07C2BC7
5878378D
06B74C7C
F6171000
46033E07
8FD5C766
146346E1
071300D6
06B70550
16FDF010
0FF77713
8FF50752
07378FD9
CF7CC30E
5980706F
570072EF
07B7C131
5B98C30F
3E700693
83414781
00A6F863
3E800793
02F557B3
02E787B3
3E800693
02D57533
0533C511
553302E5
97AA02D5
C30F0737
4B104754
8ED16641
CB1CC754
C30F07B7
06B757D8
16FDF800
D7D88F75
05134798
671312C0
C7980017
00118737
1A070713
07B7C398
AA23C305
3D550207
51C0706F
C30606B7
0C46A703
97B34785
8F7D00A7
050ACB05
00008717
6D870713
4110953A
72EFC205
A7034D20
8FD90C46
0FF7F793
F0077713
A2238FD9
96020CF6
4DC0706F
11418082
0737C602
471CC300
47B2C63E
0807E793
47B2C63E
0141C71C
72EF8082
F4174960
04133E07
4C1CAEA4
12078663
3E07F797
F607A823
3E07F797
F607A023
3E07F797
F407AE23
4719583C
686317FD
771706F7
07130000
078A54A7
439C97BA
878297BA
00A44503
C00FF0EF
C30D2737
08C72783
45017681
E7939BC1
26230047
278308F7
8FF54AC7
0FA7E793
4AF72623
5E08C097
D4E080E7
38554501
08442503
3E07F497
EF448493
10000793
00F49823
5E08C097
59C080E7
97AA40DC
F797C0DC
AD233E07
F797AA07
8F233E07
F797A607
A9233E07
57FDA407
00F402A3
D41C47A9
C30D37B7
C087A703
16F976C1
A4238F75
A703C0E7
7681C087
8F7516F5
C0E7A423
C087A703
FFFC06B7
8F7516ED
C0E7A423
C087A703
FFF806B7
8F7516DD
C0E7A423
C087A703
FFF006B7
8F7516BD
C0E7A423
C087A703
FFE006B7
FDF68693
A4238F75
0737C0E7
5F1CC305
05134599
E7930300
DF1C0017
C2DFE0EF
3800706F
C0974501
80E75E08
4501C800
FE6FF0EF
3E07F797
2107C783
63E3472D
473DF2F7
02E78733
3E07F797
B2078793
C50397BA
C70300C7
052200B7
C7038D59
074200D7
C5038F49
056200E7
C0978D59
80E75E08
B5FDB1A0
C30D27B7
0207A823
06B743F8
45050100
C3F88F55
08C7A703
9B417681
00476713
08E7A623
4AC7A703
67138F75
A6230FA7
C0974AE7
80E75E08
4501B480
A94FF0EF
C0974501
80E75E08
4501A5A0
E45FE0EF
F0EF4505
2503F4CF
F4970844
84933E07
4785D8A4
00F49823
5E08C097
794080E7
97AA449C
BD61C49C
3E07F797
1547C783
6B63472D
373706F7
2703C30D
4611C187
83634689
468500C7
FF010637
06C2167D
8F558F71
C30D36B7
C0E6AC23
87B3473D
F71702E7
07133E07
97BAA3E7
00C7C503
00B7C703
8D590522
00D7C703
8F490742
00E7C503
8D590562
5E08C097
A38080E7
C0974501
80E75E08
458D9BA0
C0974501
80E75E08
BF91B240
F79317B1
47110FF7
FEF760E3
BFC94529
1FC072EF
5E08C097
654080E7
5E08C097
C74080E7
888FF0EF
C200E7B7
80078793
706F9782
72EF1FE0
F4171AE0
04133E07
4503CB24
45DD0184
45033279
45DD0194
C0973259
80E75E08
4785F400
3CF50E63
C30E07B7
40300713
0713C398
C3984520
0007A223
16B74798
8693FFF0
8F75D8F6
000FF6B7
06068693
C7988F55
06B74798
44990010
C7988F55
C30E0937
45295A7D
2783361D
F7130089
07120074
F8F7F793
24238FD9
E79300F9
F7931007
8FD9F8F7
00F92423
36014529
00892783
14FD4529
EFF7F793
00F92423
92E334FD
2483FD44
073700C9
177DFFF0
07F4F493
1004E493
00992223
00892783
4A994529
24238FF9
34D100F9
00892703
FF0106B7
579316FD
F7930107
E7930CF7
07C20307
8FD98F75
00F92423
09377A41
5BFDC30E
29834529
3C510089
004A9793
1007E793
E8F9F713
1707F793
07C28FD9
0149F9B3
E7B383C1
242300F9
298300F9
45290089
F99334AD
2423EFF9
45290139
0B131AFD
3CA10089
FB7A9EE3
00C92783
FFD00737
83A11741
07F7F793
1007E793
8FC507C2
00F92223
00892783
E7938FF9
24230077
3C8900F9
C30E07B7
76414398
76936599
E6938807
06C27026
8F7182C1
C3988F55
06B75398
16FDFF01
01076713
53D8D398
E1E58593
8F756909
008006B7
D3D88F55
66935798
F6930077
77130FF6
8F55F007
A683D798
77610A07
8F4D8F75
8EF10742
8F558341
0AE7A023
0A47A703
869376FD
77130FF6
6713F0F7
A2230307
A7030AE7
05930A87
8F751009
20076713
0AE7A423
0AC7A703
C08816B7
8F7516FD
2C7776B7
A6238F55
A7030AE7
76810D47
66C18F75
3E868693
AA238F55
A7030CE7
77130B47
AA23DFF7
A7030AE7
27370BC7
07132020
AE230807
A6830AE7
77750C87
8F75073D
07428F4D
83418EF1
A4238F55
A7030CE7
06B70E07
8693A0F9
8F75E006
5C0406B7
8F5506D9
0EE7A023
659D43B8
3FF58593
C3B89B61
77135FB8
DFB8F7F7
77654BB4
C0070713
8F4D8F75
8EF10742
8F558341
4BF8CBB8
673D8E79
64870713
CBF08E59
C0974FE4
80E75E08
4785CB40
00F51F63
D7937779
073D0104
09138FF9
E7B38009
04C20127
80C107C2
E6978CDD
C6833E07
47615DE6
83634785
479100E6
07136505
07B2F305
67218FD9
F3770713
77618FF9
0C870713
8FD98F65
07C275C1
8CED83C1
07B78CDD
CFE4C30E
17374FB0
0713E00E
9A41E007
00366613
47F0CFB0
85930521
8E790FF5
02C0F737
04770713
C7F08E59
0847A603
C0FFE737
0E070713
17378E79
07130800
8E59A0A7
08C7A223
0887A603
07137765
5693C807
8EF90106
06428EC9
06C28241
F7378ED1
A423F004
071108D7
08E7A623
0E07AE23
0907A683
03D00613
0086D713
0F377713
00C76713
07228EED
A8238F55
400C08E7
3E07F717
93470713
86BA4781
D8634708
078500A5
9BE30731
0793FEC7
45B103C0
02B787B3
C30E0737
08472603
D68397B6
8AFD0007
01069593
FFE106B7
8EF116FD
22238ECD
268308D7
D6030887
75C10027
0047D783
8ED18EED
08D72423
08F72823
5E90606F
C30F07B7
57935F98
F6930077
C2A907F7
07F77693
0737CE95
07C2007F
07378FF9
07130100
8F551007
07378FD9
0713017F
8FF917F7
C30E0737
06B7C35C
469CC30E
FFD00737
8FF91741
0077E793
BB21C69C
015307B7
14B78793
62EFBFF1
89935610
C783F141
C703F2E1
8A2A01A9
0089A503
76131101
17230FF7
470500B1
0CE51763
01059913
01095913
FFF90793
83C107C2
22500713
0AF76263
3E081717
E3874703
14174799
04133E08
E763E1A4
578308E7
64850164
22548493
401C8C9D
400804C2
97A680C1
01279023
00248793
864A953E
30EF85D2
C7836E90
8B8901A9
2983C3AD
87B30004
65410124
864A0789
157D85D2
F0EF99BE
9023B92F
478300A9
471D0134
97A20786
00979223
01444783
F7930785
0A230FF7
578300F4
17F10164
412787B3
83C107C2
00F41B23
01344783
E7B30785
09A302E7
450100F4
606F6105
401C4B50
97A697CA
00079123
0497BF4D
84933E08
D683B4A4
D9030004
8B850024
07868ACE
CC02CA02
00011E23
587D4581
CB6358FD
577D0CD5
01E34505
5983FCE8
771300E1
97BA0026
871397CE
57E30067
0717FB27
47033E08
070DAFA7
0FF6F693
0FF77713
48814581
4E0D4371
010AC603
0CC5C263
03280933
00490793
802397A6
C4030117
079301AA
94BE00B9
C8118805
00E14783
80234409
478300F4
80A300F1
864E00F4
853385D2
30EF0084
C7835D50
8B8901AA
6541C78D
85D2864E
F0EF157D
0733A8AF
94BA0134
00855793
19230409
802300A1
80A300A4
741300F4
07970FF4
87933E08
97CAA837
84818713
9023944E
431C0087
C31C0785
3E080717
A6570713
2023993A
BDD500F9
02B90733
97260711
00074703
0FF77713
1008CB11
4503972A
0505FF47
FEA70A23
B7210585
FF181EE3
BFDD882E
010AC503
00B70633
02A66633
02660533
2E839556
906301C5
6E6303CE
59080139
00F56B63
95321008
FF454503
00D57563
0FF67893
058586AA
62EFB701
01132FB0
06139901
892A1000
1A8884AE
30EF4581
06135D10
45814000
30EF1C88
0B135C50
46410201
00007597
3E858593
30EF855A
37B74DD0
A783C30D
47918507
0527F763
03634795
479932F9
32F90F63
0E63479D
47A132F9
32F90D63
036347A5
47A90EF9
00F90E63
096347AD
47B108F9
08F90E63
096347B5
47B90AF9
0CF90463
07B746C1
4701F609
444149C1
97B7A839
87372C34
0693F609
87930400
07139397
0993E0F7
04130400
E6170400
56033E07
C20D0DE6
EF6345A9
07930125
F793FFF6
1B633FC7
771708B9
07130000
97BA61A7
87BA4398
02000613
26D66763
457D4701
05B31810
063300E6
D63340E5
8A0500C7
00C58023
15E30705
A075FED7
07B746A1
4701F000
041349A1
B7450200
2C3497B7
F6098737
04000693
93978793
E0F70713
04000993
B7514421
2C3497B7
F6098737
04000693
93978793
E0F70713
04000993
B7A54411
F60987B7
02000693
E0F78793
09934701
B7F90200
1A634725
771700E9
07130000
97BA5927
4701439C
7717B7A5
07130000
76175927
06130000
973E59A6
431897B2
B7B9439C
1CC84463
40C805B3
00B755B3
67010513
95328985
9CB50023
63E30605
0793FED6
C7B30400
06930287
85971000
85930000
1C90B8E5
C6B34701
078A02F6
07054188
C20895BE
9BE30611
181CFEE6
013786B3
1070875A
FFD68783
06850711
17FD0786
19E3C31C
6C21FEE6
40245D13
00241D93
4A014B81
49014C81
0A931C7D
181C3FE0
870397CA
58B20007
57925322
177D0706
10000613
18884581
C63AC83A
C446CA46
C21ACC1A
C03ECE3E
3B3030EF
43124782
473248A2
01010E13
46914F81
C30D3837
000E2283
188C1C88
002F9613
4E81962A
2F03852E
05110006
83B30611
2F0303E2
9F1EFFC5
FFE52E23
0E858F76
FFD413E3
9FA20E11
FDCB16E3
038A0E33
41884601
95720591
FEA5AE23
06058532
FEAF19E3
13635646
8CB20009
1A8C4601
00C58533
95B2188C
0611418C
419585B3
96E3C10C
9A3EFECD
0A0A4463
003A7A13
D446D21A
D513D63A
1A90402B
87B34581
FC6300A5
46180497
871D465C
0742879D
874107C2
03576733
E7B387C1
83090357
0FF77713
83890742
8FD907E2
871D4218
87410742
03576733
77138309
8FD90FF7
871D4258
87410742
03576733
77138309
07220FF7
28238FD9
058584F8
C0E30641
0905FBA5
96E39BA2
0113ED29
606F6701
46017F20
0893487D
BD3D03F0
40C885B3
00B7D5B3
89851808
00239532
BD3D00B5
6A330A11
BFA902DA
02000413
2C3497B7
F6098737
04000693
93978793
E0F70713
04000993
4441B30D
4421B7D5
4411B7C5
47C9BFF1
EB634581
171300A7
77970015
87930000
97BA2DA7
0007D583
C30D3737
84C72783
0017E793
84F72623
26239BF9
47BD84F7
00A7E863
75C062EF
31358189
7780606F
62EF8082
862374E0
47858401
84F18223
8401A023
27800613
85134581
E7978901
82233E07
30EF6007
F7971E50
87933E07
A0235D67
A2230007
A4230007
A6230007
F7170007
07133E07
07975CE7
87933E08
C3987EE7
07136705
9B232257
892300E7
89A30007
8A230007
E7970007
87933E07
8223D3E7
95230007
AA230007
81A30007
A6230007
E7970607
89A33E07
606F5807
62EF6E60
71396BE0
85AA842E
00006517
7B850513
20F030EF
341025F3
00006517
7B850513
1FF030EF
343025F3
00006517
7B850513
1EF030EF
2883584C
28030444
481C0404
44144458
D82E4050
6517580C
05130000
D62E7A65
D42E544C
D22E5C4C
D02E5C0C
CE2E540C
CC2E504C
CA2E500C
C82E4C4C
C62E4C0C
C42E484C
C22E446C
C02E442C
30EF400C
A00119D0
634062EF
862E86B2
751785AA
05130000
30EF8425
A0011850
61C062EF
479D4118
00E7FD63
06100613
00007597
84858593
00007517
8B050513
451C37E1
7D634809
061300F8
75970620
85930000
751782A5
05130000
B7CD8AA5
47854158
00E7FD63
06300613
00007597
80C58593
00007517
8A850513
06B7B7D1
5AD8C305
10076713
0737DAD8
4B58C30F
410C4514
9563863A
96B30AF6
06E200B6
579386E1
8FD50087
F79375C1
85930FF7
07A20FF5
C6938F6D
8F5DFFF6
F6938EF1
77130FF6
8F55F007
C30F07B7
0737CBD8
2603C303
415C4007
410C4705
F0067693
0AE79A63
00B79733
77138F51
E6330FF7
073700E6
2023C303
073740C7
4F18C30F
863A4685
08D79E63
00B797B3
87E107E2
00E7E6B3
0FF6F693
F0077713
FFF7C793
8F558221
76C18FF1
0FF7F793
0FF68693
8F7507A2
07B78F5D
CF98C30F
5240606F
97B3EA95
07E200B7
E6B387E1
F69300E7
77130FF6
8F55F007
FFF7C793
00865693
76C18FF5
0FF7F793
0FF68693
8F7507A2
BF998F5D
F5069AE3
00B797B3
FFF7C793
87E107E2
00E7F6B3
0FF6F693
F0077713
B7E98F55
00B71733
FFF74713
B7B18F71
96B3FBD9
06E200B6
C79386E1
8FF9FFF6
0FF7F793
F0077713
8F5D8221
77C18ED1
0FF6F693
0FF78793
8F7D06A2
B7A58F55
FF63479D
62EF00A7
06134660
65970760
85930000
651769A5
05130000
3D2974E5
C30307B7
3FC7A783
95334685
056200A6
F7138561
9C63F007
8D5D00D5
0FF57513
00A767B3
C3030737
3EF72E23
45138082
8D7DFFF5
62EFB7E5
11414160
C2024518
4785C402
00E7FD63
03E00613
00006597
70C58593
00006517
77450513
41183B75
FD634789
061300E7
659703F0
85930000
65176EE5
05130000
B7CD77A5
C3050737
E7935B5C
DB5C0207
C30007B7
C43A4798
67134722
C43A0027
8B0D4118
00271693
9B4D4722
C43A8F55
67134722
C43A0407
76934518
47220017
8F559B79
4722C43A
4398C798
4158C23A
4712C23A
C602C398
C63A47D8
67134732
C63A0017
C7D84732
606F0141
62EF38E0
11413660
458D478D
0123850A
102300F1
F0EF0001
4799DD8F
75974631
85930000
0048C425
3E07E717
20F70823
51E030EF
3F310048
00002797
A1278793
3E080717
42F72423
E6FFE0EF
606F0141
715533E0
DD32D522
B1418413
D3261950
CD52CF4E
D706C562
CB56D14A
C75EC95A
C16AC366
DB2EDEEE
C1BADF36
C5C2C3BE
CE32C7C6
0A1384A2
09930200
8C170201
0C130000
4783F2AC
06B30005
E79D4094
00040023
06374701
4863C309
50BA2ED7
549A542A
49FA590A
4ADA4A6A
4BBA4B4A
4C9A4C2A
5DF64D0A
80826169
3FE00713
FCD748E3
02500713
00E78963
00F40023
04058AAA
001A8513
4703B77D
46A50015
00150A93
FD070713
00173793
0FF77713
06E6F963
C583577D
0693000A
83630690
EA6316D5
069308B6
8D630630
EE6310D5
069304B6
87630580
051312D5
86A20250
04A59D63
000AC583
24058E63
00168413
00B68023
40940533
3FE00593
C66346A9
BF4910A5
03170733
972E0A85
FD070713
000AC583
FD058693
0FF6F693
FED574E3
4701BF59
48A94525
0693B7E5
8B630640
06930ED5
8B630660
06930ED5
05930014
00230250
853300B4
05934096
84363FE0
0CA5CC63
0693BF41
87630750
05130CD5
46C10780
0AA58363
07300693
FCD597E3
00062903
00460C93
00091663
00006917
56490913
C63A854A
52A030EF
87A24732
00E40633
40F606B3
04D54863
44634781
07B300A7
943E40A7
C3634781
942A04A7
B5CD8666
FF478FA3
06B30785
96BA40F4
FED04AE3
54634781
079300E0
97A2FFF7
53634685
86BA00E0
94364218
80230611
BD4D00E7
BFC987A2
8FA30785
B75DFF47
00F90733
00074683
00F40733
00230785
B76500D7
0407E793
091346C1
42100046
408485B3
85938522
D0EF3FF5
842A8EDF
BD8D864A
0027E793
B7C546A9
00767793
CB898CB2
47B347A1
0C9302F6
078E0046
00878613
00062D03
00462B83
06134581
104804C0
30EFD002
460137C0
856A4681
40EF85DE
8B4E4DB0
00055C63
02D00713
02E10023
80000737
01774BB3
02110B13
85DE856A
7AA050EF
862A577D
46A94781
04F00593
D0EF855A
0793871F
002302E0
879700F5
87930000
4390CB67
8DEA43D4
0D1385DE
856E0015
52B040EF
772050EF
66334B29
577D0365
46A94781
04F00593
D0EF856A
8797835F
87930000
4390C8A7
8D2A43D4
856E85DE
4FB040EF
742050EF
03656633
577D4781
059346A9
856A04F0
807FD0EF
000C2603
004C2683
85DE8D2A
40EF856E
50EF4D10
66337180
47810365
46A9577D
04F00593
D0EF856A
0933FDCF
864A4135
85CE8522
1C6030EF
8613944A
BB89008C
84361AFD
87B3B3B1
C58300E4
4E1C0007
8B858395
C20CFFED
B9F50705
7B9052EF
8441C783
EBC14401
84018793
84AE4398
85BE4401
439CC349
26C00713
06F76B63
3E07F617
E4460613
47894654
0AF68763
F2E1C683
87938A85
C2ADF141
3E07E797
E637C783
02E787B3
05418713
973E4589
00075403
20200793
0A87ED63
26C00713
3E07E797
E3F7C783
02E787B3
97AE8622
05418593
30EF95BE
D7971240
87933E07
97035927
97830487
A42304A7
C0980004
A023C0DC
85228401
7410506F
E7154798
00464703
873346F1
973E02E6
02C72803
1C634705
470300E8
86B30046
97B602E6
04425B80
45818041
4198B771
22600793
E0E34401
4180FCE7
E797B7ED
C7833E07
8733DC57
879302E7
44050541
C78397BA
00230007
D79700F5
87933E07
97035167
C0980467
03E7D703
04479783
C49CC0D8
4401B749
52EFBFBD
458569F0
342D842A
85224581
A25FF0EF
6B10506F
689052EF
842A4581
A15FF0EF
85224585
A0DFF0EF
6990506F
641052EF
3E07D417
4C440413
1141485C
0FF7F993
5478E781
D4780705
87334761
972202E7
07072903
08074A03
6663471D
76176D27
06130000
169380A6
96B20029
97324298
50548702
92634755
450306E6
D0EF00A4
2737DD3F
2783C30D
768108C7
E7939BC1
26230047
278308F7
8FF54AC7
0FA7E793
4AF72623
47834848
05050024
02F57533
07B347E1
C84802F5
5BA497A2
0807CA03
E6634795
67976C97
87930000
96137C27
963E0024
96BE4214
44E18682
029787B3
A50397A2
B0970847
80E75E08
E717F4E0
07133E07
435C88E7
C35C97AA
47854858
04B34501
94A20297
9AE35CF4
8793F6F6
97BAF141
1347C503
4501B79D
90DFD0EF
C30D27B7
0207A823
06B743F8
8F550100
A703C3F8
768108C7
67139B41
A6230047
A70308E7
8F754AC7
0C876713
4AE7A623
4761485C
02E787B3
A50397A2
B0970847
80E75E08
E7172360
07133E07
471C8167
450597AA
A097C71C
80E75E08
478959C0
00F91B63
47A95418
00F71A63
D0EF4501
4915CDBF
4795BF01
FEF90AE3
D0EF4505
4909CCBF
B097B701
80E75E08
45051B20
CB9FD0EF
5054BDC5
3E07D717
32070EA3
83634755
476102E6
02E787B3
A50397A2
B0970847
80E75E08
D7171C20
07133E07
471C7A27
C71C97AA
C30D26B7
073742FC
177DFF00
C2FC8FF9
EF6347E1
17B72347
87930104
D7B38007
8B850147
22078663
06400693
24B74789
A703C30D
450508C4
9B414B61
A6238F5D
A78308E4
77014AC4
8FD58FF9
4AF4A623
FF0FD0EF
01444783
AD8340E8
87B30904
AC030367
C42A0944
0984AD03
09C4AB83
00C4AA83
0344AC83
C60397A2
C6320807
DBAFD0EF
48F14632
00007817
27480813
031606B3
07374522
177DFFC1
96C28D79
0096C783
0046C703
00E6D303
03F7F793
8D5D07C2
07B347DD
D61702F6
06133E07
8B0D49A6
15930732
AF830103
CE030186
7E130086
963E007E
00264783
031A0A33
07A28B9D
C7838F5D
8B8D00B6
8F5D07BA
00164783
0F136641
7333FFF6
633301ED
D58300B3
76410106
00C37333
00B36333
00A6C583
07C28B9D
9E938985
05B701C5
15FDF000
00BCF5B3
01D5E5B3
01000EB7
FFFE8293
005FFFB3
FF0002B7
0055F5B3
01F5E5B3
DF838F5D
17B70126
8793FFF8
FDB38FF7
763300FD
D78300CC
66330166
DF8301F6
C6830146
07CE0076
8ABD83BD
E7B306D2
8FD501C7
FF0E06B7
6733C0E8
06A101B7
76330FC2
A82301E6
663308E4
FBB301F6
869300DB
AA238FFE
FAB308C4
06B700DA
AC23AA00
E7B30864
86930177
AE231006
EAB308F4
A62300DA
D8CC0154
0737489C
07B7EE00
87930200
C89C2007
9852449C
03200593
07378FF9
8FD901F0
48DCC49C
01D7EEB3
01D4AA23
8B33485C
9B220367
075B4783
076B4503
0904A603
00684703
09C4A683
17630789
971304B7
77130027
05B71FC7
15FDE010
8E6D0752
77138E59
6633F006
078A00A7
8F998351
07E606A2
8EDD82A1
C30D27B7
08C7A823
08D7AE23
A0974501
80E75E08
BBA52E40
0FA00693
BBE14791
04B00593
FCB713E3
00379713
4733458D
771302B7
B7651FF7
D7175054
0D233E07
47550807
06E68363
8981C683
84934705
9F638901
40981EE6
9B635474
C7031EE6
97630044
47091EE7
00E48423
87B34761
97A202E7
0847A503
5E08B097
B9C080E7
3E07D717
4DC70713
97AA435C
0044C503
00A4D583
B097C35C
80E75E08
9D230B20
478D8801
8423CC48
478300F4
47610144
00007597
01458593
02E787B3
C70397A2
47E50807
0CE7EB63
C30D3637
80062783
16F976C1
66C18FF5
8FD50685
2023455D
07B380F6
D51702A7
05133E07
28032365
953E8106
00454783
00354683
8EDD07A2
00554783
02000537
8FD507C2
069307A2
8FF5F005
06B346F1
051302D7
96AEF0F5
0056C883
00F8F893
0117E7B3
05378FE9
0513FE00
75330F05
8FC900A8
80F62823
81462783
00C6D503
0046C683
0107E793
80F62A23
80462783
3FF57513
F7938ABD
8FC9C007
80F62223
80862783
0106E693
0807F613
F7938ED1
8FD5F007
FED70693
0FF6F693
60634605
F79310D6
E793F8F7
37370207
2423C30D
485880F7
363747E1
0733C30D
268302F7
28038006
25038086
061380C6
97220320
07574783
07674883
0A334771
9A2E02EA
006A4703
0CC71763
00278713
7713070E
76713F87
0712063D
8ED98EF1
06137641
97130FF6
76330088
683300C8
078E00E6
F7937771
073D3F87
8F690792
00F76533
C30D37B7
80D7A023
8107A423
80A7A623
C087A703
FFF006B7
8F7516BD
C0E7A423
46E14858
02D70733
46839722
47050767
06D77E63
C087A703
FFE006B7
FDF68693
A4238F75
BC1DC0E7
F141A703
B097E719
80E75E08
4901CE20
4761B5A9
02E787B3
A50397A2
B0970847
80E75E08
D7179A60
07133E07
435C2E67
C35C97AA
172DB51D
0FF77713
F0E663E3
F8F7F793
0307E793
0613BDED
13E304B0
8713F4C7
07120027
4733460D
771302C7
B7253FF7
C087A703
002006B7
02068693
B7618F55
87B34761
06B702E7
97A20100
7E635FB8
363700D7
2783C30D
16FDC386
06B78F75
8FF5FF00
2C238FD9
36B7C2F6
A783C30D
0737C086
0713FFC0
8FF9FBF7
C0F6A423
4901B241
D797BAB5
C7833E07
472D63A7
02F76C63
8733473D
D79702E7
87933E07
97BAF4A7
00C7C503
00B7C703
8D590522
00D7C703
8F490742
00E7C503
8D590562
5E08A097
F44080E7
01444503
5E08A097
056080E7
C30D3737
C1C72783
FF0006B7
E7938FF5
2E230097
85CAC0F7
B097854E
80E75E08
0141FF60
70C0506F
5E08A097
E94080E7
458D4795
00F48363
45014585
5E08A097
FF6080E7
C30D3737
C1C72783
FF0006B7
E7938FF5
2E230097
D497C0F7
C4833E07
47AD5924
0497EA63
47D55058
02F71963
84B347BD
D79702F4
87933E07
94BEE9A7
00C4C503
00B4C783
8D5D0522
00D4C783
8FC907C2
00E4C503
8D5D0562
A097A809
80E75E08
478540C0
FCF514E3
A0974529
80E75E08
B785E820
F49314B1
47910FF4
F497EBE3
475DB7E5
02EA0733
3E07D797
EF878793
C50397BA
C7030107
052200F7
C7038D59
07420117
C5038F49
05620127
A0978D59
80E75E08
485CE3E0
36B74761
87B3C30D
063702E7
4581F000
943E4509
A7835C38
0712C146
8FF18311
AA238FD9
A097C0F6
80E75E08
B5F5F100
47D55058
0CF70F63
002A1613
00007717
EF070713
43189732
C30D37B7
C1C7A683
07220705
FF000637
8EF18321
AE238F55
4ADDC0E7
035A07B3
3E07D497
E6048493
C50397A6
C6830107
052200F7
C6838D55
06C20117
C5038EC9
05620127
A0978D55
80E75E08
485CDA60
45894761
02E787B3
943E4501
08044A03
A0975C20
80E75E08
3537E8C0
2783C30D
0737C145
1693F000
8FF90044
035A0733
8FD58291
C0F52A23
C2052683
46039726
47830147
45830137
06220037
47838E5D
07C20157
47838E5D
07A20047
47838DDD
07370057
8F75FFF0
8FCD07C2
07B297B2
8FD983B1
C2F52023
4771B529
02EA06B3
00007717
B5870713
97364505
00074783
08F406A3
00374783
08F40723
9A7FD0EF
08A42823
47DDB71D
02FA07B3
3E07D717
D8470713
C50397BA
C7030107
052200F7
C7038D59
07420117
C5038F49
05620127
A0978D59
80E75E08
4783CCA0
47610144
C30D36B7
02E787B3
F0000637
45014585
5C38943E
C146A783
83110712
8FD98FF1
C0F6AA23
52EFB569
47714700
02E506B3
87934190
4461F141
3E07D997
AD098993
114184AE
97B6892A
CFD045D4
02850433
41D4D794
4594D394
4994D3D4
D7D4944E
D83049D4
45D4DB94
0FF6F793
08F40023
222341CC
459508B4
00B60663
4505167D
0EC56C63
0184D703
0049C683
00E99423
3E07D717
2E870713
46A9EEE1
06F6E063
00F70023
00174683
00F68F63
00074503
00F700A3
E0EFC62A
4532C69F
DA5FC0EF
D0EF4532
47E1BD6F
02F907B3
0FF97513
8B2399BE
8AA30609
48DC0609
06F9AE23
883FD0EF
AC23449C
D71706A9
23233E07
E0EFEAF7
01419E8F
3D20506F
966346B1
469900D7
00D70023
46B5BF71
00D78963
FED78693
0FF6F693
64634605
469D00D6
46B9B7D5
00D78863
FEB78693
0FF6F693
00D66463
B7F946A1
946346BD
46A500D7
46C9B7D1
FED788E3
876346AD
F69300D7
46410F77
00C69463
B76D46A9
946346C5
46AD00D7
46DDB745
F2D79EE3
BF59468D
F6B34629
B77902C6
F6934890
87330FF6
48DC02E6
00007597
97458593
0EA61B63
7513DC7C
CBF90FF9
4803972E
47030007
07C20037
063383C1
5F630307
0AA300F6
0B230704
D0EF06E4
47E1FACF
02F90933
2C23994E
BF0506A9
0307C733
04600613
0FF77713
08E66763
06E40B23
06334661
964E02C9
07060AA3
0307E833
FC0805E3
07664703
77130705
C8330FF7
0B2302E7
E7B306E6
781302E7
EFB90FF8
476147F1
02F687B3
07060AA3
02E90733
C78397AE
974E0017
07574603
00F67463
06F70AA3
06334661
477102C9
02E68733
4803964E
07B30756
972E40F8
00274703
02E7E7B3
0FF7F793
983AD3AD
40F807B3
06F60AA3
0B23BF99
BF9D06C4
B74D0805
4783972E
0B230017
0AA306C4
D0EF06F4
DC28EE8F
972EBD9D
4783DC3C
0B230017
2E2306A4
0AA30604
B58506F4
D4A27159
CCD2D2A6
D6861880
CECED0CA
C8DACAD6
C4E2C6DE
C0EAC2E6
8A2ADE6E
467184AE
05134581
20EFFA44
D7974A80
C7833E07
8E630D47
8B132807
2903F141
4785008B
0CF91963
072A1A63
478940D4
06F68663
9363409C
449C0727
07136709
97BAF407
FAF42423
262344DC
489CFAF4
FAF42823
01C4D783
FB242A23
FAF41E23
D0EFE2A5
E0EF836F
0593A45F
2223FA44
4501FB24
FA042C23
478D39DD
FAF42223
FA440593
2C234505
31D5FA04
FA842503
A0974589
80E75E08
49011B20
F9040113
854A50B6
54965426
49F65906
4AD64A66
4BB64B46
4C964C26
5DF24D06
80826165
22234795
0593FAF4
4501FA44
FA042C23
47913979
FAF42223
FA440593
2C234505
3171FA04
FA842503
FFF867B7
EE078793
953E458D
0793BF79
F79300FA
890A1F07
01336B89
8C8A40F1
4A814981
F40B8B93
0D934D09
4C052250
3E07D697
98068693
4871465D
449C4885
97DE40D8
FAF42423
262344DC
489CFAF4
FAF42823
0DA71663
02C787B3
97B64C88
0107C703
00F7C583
8DD90722
0117C703
0127C783
8F4D0742
8FD907E2
14F56663
FA042223
FA042A23
40F507B3
FAF42C23
030A87B3
015C8733
4FC897DA
FA442583
00B51C63
258357C8
1763FB44
5B8C00B5
FB842783
0CF58F63
01170023
010A9513
FA440593
2E238141
0A85F914
28833E6D
8493F9C4
D6970204
86933E07
465D8DA6
CEE34871
E797F54A
87933E07
D603EEA7
87130027
85BE0069
0AC74063
86136485
099D2254
22148493
0334D4B3
853E4581
2BA020EF
01351123
00951023
BD51814A
D503409C
E3850144
0AAC6063
07058B05
FAE42223
01C4D783
FB842A23
FAA42C23
FAF41E23
4583B7B1
430301AB
898501AB
00237313
959A0586
FFF50313
53130342
E3630103
0786066D
8B058B89
07858FD9
FAF42223
FB842A23
2C2395AA
2783FAB4
F7E3FB84
2983F0F9
09C2FB84
0109D993
0023B701
B71D0007
0007D803
47014691
F7075EE3
00D58533
00054783
0FF7F793
D863CB89
97E60147
0007C783
0023C399
07050005
BFE996B2
4905814A
D797B3E5
C7833E07
E399E2C7
8082557D
71B042EF
F1418713
46054714
892A1141
87BA842E
08C69F63
9C634F5C
0A630ED7
06930E05
051326C0
E563FCC0
C73C0EB6
4505C76C
F4C18593
A73FF0EF
3E07C497
55048493
0984C703
C98347F1
07B308D4
671702F7
07130000
973E52A7
00074783
0B37E963
00274703
413787B3
C7B385CA
862202E7
00F49523
89C18793
20EF853E
C90309C0
458108E4
09339522
06330339
20EF4089
85CA15C0
A0974505
80E75E08
478D5660
8C23CCC8
D0EF88F1
45019F5F
C125A095
26C00713
FCC00513
04B76C63
3E07E717
D2470713
45094314
430CC6A1
0107C683
00474703
85B34601
070902D5
480D4571
C70395BA
06B30107
5E6300B6
C70300E6
F7330107
073302E6
973E02A7
77134F58
1A630FF7
C7030107
48630107
557D00E6
406F0141
06056390
C703B7E9
C4830107
47890107
89018993
0296F4B3
D6B3557D
062302E6
C7030091
C4368981
FCF70AE3
89C18713
85CA8622
10EF853A
47E17CD0
02F484B3
3E07C797
43478793
95224581
C48397A6
C7830757
84B30767
863302F4
20EF4084
47A20780
80C104C2
00999523
00F9A023
A22347B2
478500F9
00F98423
42EFBF29
737D5770
71030313
0613911A
030C17E0
F53784AA
A0970007
80E75E08
061350A0
05932F90
E5375F41
5B830007
5B031801
5A831821
A0971841
80E75E08
678D4EA0
57978793
5F415A03
5F615983
5F815903
9D634401
059302FB
05131780
D0EF1861
1563BB4F
079302AB
91631780
678502FA
8793757D
978A8F07
71850513
17800613
18610593
10EF953E
44056FD0
8793678D
16635797
059302FA
05132F30
D0EF5FA1
9E63B74F
079300A9
1A632F30
061300F9
05932F30
06085FA1
6CB010EF
77930409
C3B50014
77FD6705
8F070713
8793970A
97BA7187
17610693
3E07C717
7C070713
0007D603
07310799
FEC71A23
FFC7D603
FEC71B23
FFE7D603
FEC71C23
FED792E3
00247693
17812783
3E07C717
77470713
16068C63
17C15683
4783CB5C
1C2317E1
0D2300D7
880900F7
16041663
06136605
45812256
3E07E517
B2850513
71B010EF
3E07D797
B467C783
C0EFCB9D
D797AF3F
80233E07
D797B207
88233E07
9097B207
80E75E08
C7976C20
83A33E07
A0977207
80E75E08
C79708A0
8B233E07
C5037007
45810104
F1418413
BDEFD0EF
0104C783
5F410513
5EF12A23
2C234785
C7835EF1
37B30114
2E2300F0
E0EF5EF1
C783DD6F
C5030114
85630104
45811207
F74FE0EF
FFFFF797
D3E78793
4651C05C
851385A6
10EFF1C1
409C5B10
9B634705
C01C10E7
4789C45C
00F40823
1C3476B7
46714701
58068693
451945D1
47834829
41630104
E0EF10F7
8593C4CF
4651F1C1
8913852E
10EFF141
89CA5710
4A714481
01044783
F6930985
CF630FF7
44100EF4
47D54705
00E60363
C71747AD
07133E07
D35C1BE7
0123445C
448100D7
4783CF1C
838501A4
0CA38B85
478302F7
09710104
0EF4C463
913FC0EF
5E08A097
8BE080E7
D0EFE119
4785959F
3E07D717
A0F70923
45016155
7C010113
3290406F
06930792
C7B31EA0
B54902D7
C9974401
89933E07
09132F29
061C0B40
008785B3
00898533
043D463D
4D3010EF
FF2417E3
49010600
3E07CA17
380A0A13
23F00993
0B440593
012A0533
095D465D
4AF010EF
17E3045D
B5B9FF39
E0EF4585
F797E4EF
8793FFFF
BDE9C2E7
F001AA23
99E3445C
57FDEE07
B5EDC45C
02C707B3
AE2397A2
D3940007
D788D3CC
0207A623
0307A823
00E407B3
12078A23
BDE10705
034485B3
95A24671
852E05F1
453010EF
1339C703
009407B3
8A230485
BDE912E7
01049513
814185CA
DC6FF0EF
B7110485
249042EF
3E07D797
92E7C783
CF954405
F1418493
E40D4480
45895088
5E08A097
A78080E7
67B75088
8793FFF8
458DEE07
A097953E
80E75E08
D0EFA620
A031D78F
47954CD8
0AE34401
8522FEF7
2210406F
47854114
02D7EC63
00854603
E863468D
458302C6
461D0105
02B66363
01154603
00C7EF63
01254703
00E6EB63
08634689
42EF00D7
31151C70
1E50406F
853E4785
42EF8082
55171B70
05130000
E0EF3B65
8223E94F
406F8001
42EF1C70
F41719F0
04133E07
4703ABE4
47891184
E4631141
401806E7
F3634781
06B302E7
C68300F4
07850046
83C107C2
4709F6FD
0048458D
00E10323
00F11223
BE7FD0EF
55974631
85930000
00482525
337010EF
E0EF0048
0797D34F
87930000
F717FA87
2F233E07
D0EFA2F7
4783C84F
07851184
10F40C23
406F0141
37B514B0
42EFBFE5
110111F0
46114785
3E07F597
A2C58593
00D10513
00F10623
2EB010EF
85934611
05138501
10EF0111
46112DD0
3E07F597
A0C58593
01510513
2CB010EF
F5974611
85933E07
05139FE5
10EF0191
05372B90
A0970004
80E75E08
4645CA80
0537006C
A0970004
80E75E08
55170AE0
05130000
E0EF2C65
07B7D94F
4390D100
77B743D4
87930002
97B21007
00C7B733
05379736
4110D100
EEE34154
1463FEE6
6AE300D7
07B7FEF6
5798C30F
080006B7
D7989B79
8F5557D8
0737D7D8
07B78000
DB98C305
406F6105
42EF07F0
07B70270
C703D200
04370007
76F9C305
0E177713
00E78023
0007C703
0FF68693
67137541
80230067
585C00E7
06136721
8FD90FF5
0737D85C
477CC30F
CF010113
E7939B81
C77C0017
8FF5477C
2007E793
07B7C77C
5B94C309
0086D713
0FC77713
00376713
07228EF1
55938F55
57D40087
53D08F71
F856F693
03F5F593
66138E69
D3D00116
E6935790
05A20706
FC067613
01766613
D7D4D790
DB988F4D
459D5BD8
9B614579
00276713
5BD8DBD8
FC777713
02076713
5B98DBD8
00176713
C0EFDB98
4581862F
C0EF4551
607385AF
47B73004
87930049
2823E007
026810F1
2A234785
262310F1
E0EF1001
D797B58F
8793FFFF
FA97F2E7
8A933E07
A023862A
D0EF00FA
585CAA4F
00020737
8FD975FD
C617D85C
06133E07
46816266
C30C07B7
63054809
489115FD
CC02CA02
43D8CE02
4772CE3A
CE3A9B3D
67134772
CE3A1007
9B794772
4772CE3A
5398C3D8
4752CA3A
8B1D8341
FF071BE3
CC3A4398
01F6F713
00471513
77134762
8F49E0F7
4762CC3A
00676733
4762CC3A
4762C398
CC3A8F6D
C3984762
CA3A5398
83414752
1BE38B1D
5398FF07
06090685
5503CA3A
47720141
00176713
4772CE3A
1F23C3D8
9DE3FEA6
4785F716
3E07C497
57448493
00F48023
3E07CB17
E64B0B13
C5174785
05133E07
2223E465
316900FB
5517C901
05130000
E0EF0A25
ABF1B60F
450585DA
C54FF0EF
3939F56D
5C37F17D
E91701E8
09133E07
0C137829
DB97800C
8B933E07
C783512B
88638041
C9975A07
89933E07
C797C9A9
C7833E07
AA0350C7
844E0249
40078F63
D5974641
85933E07
18484D65
003010EF
3E07C697
4EA68693
0006C703
4D834C86
177D0381
0FF77713
00E68023
5D724711
1AEC9F63
06400613
00005597
EF458593
10EF00C8
47617CC0
02ED86B3
06400613
00005597
F4058593
84331128
468300D9
A4030804
C6360549
7A6010EF
476146B2
6A634501
86220AD7
45854701
0CC5E563
05934609
71630000
051302E6
5433FFE7
880D00A4
6963147D
040A0086
00005617
13860613
400C9432
068A0E1C
A50396BE
8603D986
A68303A9
0513D346
8D11FBA5
468D9536
02D70733
953AC62E
342040EF
30EF45B2
40EF58B0
C62A48C0
0589A503
30EF842E
669752B0
86930000
429016A6
30EF42D4
47322000
86AE862A
85A2853A
63C030EF
C503C62A
842E0309
501030EF
862A4732
853A86AE
30EF85A2
30EF6220
05424210
94238541
475504A9
02EA0263
1B634705
47910CED
02FC8363
136347AD
4D0514FA
0705A8C1
82050742
B73D8341
BFCFC0EF
04A99323
17634705
C78308ED
8B85F2E1
F1418693
C703E791
4D0501A6
CB3D8B09
3E07C797
39F7C783
26C00613
02C787B3
05418713
D50397BA
C7830007
C60301A6
C58301A6
8B8501A6
89850786
0FF67613
8A09C981
A58397B2
97AA8401
02F5E963
01A6C683
8A894D05
C597C695
C5833E07
06933555
86B326C0
C61702B6
56033E07
97363466
5703972A
05630027
A02300C7
4D098401
8441C703
4709A00D
00EC8563
99634715
C0EF18EC
9323B52F
470504A9
F2ED0CE3
8FE34711
472DFCEC
06EA1563
F241C703
001D8613
F1418693
04E60D63
0106C603
0106C683
002D8713
00C71463
003D8713
02D76733
D883CF1D
D403000B
4601002B
55FD557D
1B164163
8463577D
043302E5
D71702B4
07133E07
97222977
00075583
00B40513
955E0411
F0EF945E
0023C74F
0F630004
4705260D
D4ED1FE3
0004C783
8A634991
E6634337
470530F9
36E78C63
92E3470D
102CD4E7
E0EF0268
47C1BCEF
D2F51BE3
11412783
3E07E417
48840413
C41C4621
11812783
3E07C597
24858593
C81C8522
10C12783
2783C01C
C05C1101
510010EF
2A051B63
0737D202
471CC300
4A376D85
D23E0006
F7935792
D23EF7F7
C71C5792
01348023
000419B7
99EE854E
5E089097
6FE080E7
FF499AE3
11C00613
854A4581
5C6010EF
D713441C
F7930097
C3911FF7
C5170705
05133E07
20230D25
F0EF00E9
1B638F7F
C5973605
85933E07
450D0D25
8C4FF0EF
36051263
88DFF0EF
34051E63
47851128
D502D93E
D0EFD762
0797EADF
87930000
A0239087
C0EF00FA
5517E01F
05130000
D0EFD325
B9A1F91F
93E3470D
4755DAEC
DAEA10E3
0809C683
8C23475D
87338801
C69702E6
86933E07
8593B266
96BAB081
0086C603
0076C703
8E590622
0096C703
8E590742
00A6C703
D10006B7
8F510762
42D44290
1F470713
01B69513
00565693
C1948EC9
4705C1D8
00E58423
06B3BD19
D79702C4
87933E07
88330FB7
069100F6
C68396DE
28030006
16630008
746300D7
854200A8
060585B2
47D5BD15
BCFA11E3
B101C783
B0818693
07B7C38D
4398D100
961343DC
579301B7
42980057
8F998FD1
EEE342D8
8823B8E7
C783B001
98E38981
E717B807
47033E07
E4172D27
04133E07
0EE32B64
4703B607
07060124
00E407B3
0047D703
1513401C
97BA0107
0007D983
F2E1C783
81418B85
F1418713
4783CBA1
8B8901A7
401CC7A1
00498593
05C2953E
F0EF81C1
1CE3A44F
5783B205
471D0164
99BE0791
D99309C2
1B230109
47830134
07850124
02E7E7B3
00F40923
01444783
F79317FD
0A230FF7
B61100F4
01A74783
C7918B85
8593401C
953E0029
401CBF4D
85CE0509
B775953E
0004C783
80634719
471D04E7
04E78E63
9AE34709
478DACE7
00F48023
3E07C597
8E058593
45054785
00FB2223
EEDFE0EF
5517C511
05130000
B441B3E5
EACFF0EF
AA0503E3
4789B7FD
A8FD9FE3
0737D002
471CC300
5782D03E
F7F7F793
5782D03E
F0EFC71C
B441FB0F
00005517
B2050513
DABFD0EF
C3000737
471CD502
57AAD53E
F7F7F793
57AAD53E
1737C71C
4783D200
F7930517
08A30FE7
011304F7
406F3101
471509E0
A4E791E3
0268102C
8CCFE0EF
A2050BE3
10C15503
00092783
A2A7E5E3
FFF50793
C70397CA
1EE30047
0513A007
47052075
20000613
10E10593
82230526
A09700E7
80E75E08
55178420
05130000
D0EFAFA5
2703D29F
47810009
14E7F963
00F906B3
0046C683
16068A63
07C20785
B7ED83C1
0268102C
860FE0EF
14E347B1
47819CF5
0FF00693
02704721
4603963E
1A630006
078512D6
FEE799E3
00040537
85934611
05158501
5E089097
76C080E7
85934611
0A488501
198010EF
479DED05
3E07C717
EB070713
00F48023
C31C57FD
B597C35C
85933E07
450578A5
3E07B797
7807A223
D95FE0EF
5517C105
05130000
B225A0E5
80234789
278300F4
E7171141
27233E07
B7F10AF7
C51745A1
05133E07
D0EFE665
08E3A04F
BFC19205
00005517
A1450513
102CB8DD
D0EF0268
0CE3FAFF
54039005
278310C1
E6E30009
07939087
97CAFFF4
0047C703
8E071FE3
20740513
06134705
05932000
052610E1
00E78223
5E089097
724080E7
00005517
9DC50513
C0BFD0EF
11284785
D502D93E
D0EFD762
F797AFDF
8793FFFF
A0235587
C0EF00FA
2783A51F
18E30009
47958AF4
00F48023
E797944A
87933E07
16630127
D0EF00F4
F06FB7DF
C703895F
07850047
F0EFF77D
F06FD34F
4621885F
3E07C597
DA858593
10EF0268
03E307E0
B505EC05
3E07E797
0E078823
32EFBFE9
01136AB0
1008BE01
5E089097
648080E7
100C4645
10EF0068
47030780
478500C1
0CF71563
01114583
01514783
02F59263
01214603
01614783
00F61C63
01314683
01714783
00F69663
00C5E7B3
EFE98FD5
3FC00613
10484581
4481D002
106010EF
19374401
46320004
00865793
01014603
8E5D0662
00A65793
06F4ED63
3FF67613
8513C215
100C1044
9097052A
80E75E08
46325A20
100C8522
76138221
C0EF3FF6
842AE14F
57934662
46030086
066201C1
13638E5D
90970686
80E75E08
478366E0
55170151
05130000
08A389E5
578300F1
19230161
D0EF00F1
4789ABDF
06230068
909700F1
80E75E08
01135F40
306F4201
95135DF0
061300A4
100C4000
9097954A
80E75E08
852252E0
40000613
C0EF100C
842ADA4F
BF810485
551785A2
05130000
D0EF85A5
BF55A71F
00005517
86C50513
A63FD0EF
32EFB75D
173754B0
4783D200
09B70C17
7A410080
0FE7F793
0CF700A3
C30D37B7
D1000737
C5C7A903
43544310
3E07C717
C2070713
C354C310
C087A683
0FF97913
00400AB7
0126E733
C0E7A423
FFF94713
0B378F75
71790020
C0E7A423
89934481
1A790809
040A8A93
020B0B13
009957B3
8A638B85
E4811407
E8DFD0EF
4C85A2A9
2F949063
5E089097
A76080E7
14951C63
C30D27B7
A4030848
C0EF0E87
07B7E0AF
C202C30E
0A07A703
4712C23A
C23A9B6D
9B754712
4712C23A
0AE7A023
0007A023
84C1C683
87134789
9D6384C1
57930CF6
F7930104
44030FF7
8F630181
76936407
916301F4
478D0CF6
00F70023
B29FB0EF
050507B7
02C14683
50678793
07B7C43E
87930301
C63E1017
00B68793
3E07B597
2C058593
3E07C617
B2F60423
16FD4799
08F58023
8633181C
478300D7
4503FDC6
4671FD86
479D8E1D
47F2D9BC
00545713
A2230712
47D108F5
02F686B3
9623963A
561700C5
06130000
887D58A6
00A58323
00144413
00859523
42DC96B2
D68346D0
97B20006
1A078793
16B397B6
073100A7
00A71733
97BA97B6
DDBC078A
47854501
8123CD9C
809700F5
80E75E08
C0EF3EA0
A015F40F
00074783
1E63470D
06B700F7
569CC30F
FE000737
8FF9177D
C0EFD69C
B0EFD5AF
0485A53F
91E347A1
1737EAF4
4783D200
E7930C17
00A30017
61450CF7
3A50306F
B0EF4505
27B7B5BF
A703C30D
B4174DC7
04133E07
46AD1DA4
0D238361
A70302E4
8BA24DC7
08238341
A70302E4
83610F87
0B238B3D
A70302E4
A7830E47
07220E87
1E238351
C71702E4
27033E07
EA63A167
469706E6
86930000
070A6BA6
43149736
01079713
66218341
06E67263
00170513
85410542
02D50533
157D8139
C30D2C37
0E4C2783
05428105
3FF7F793
85418399
02F41F23
04A41223
9B5FB0EF
47D55058
06F71E63
0E8C2783
83C1477D
0FF7F793
02F77663
3E07B797
12078BA3
975FB0EF
D537BDED
06930003
BF590905
01079513
05338541
813902D5
B74D0505
09844703
06B346F1
571702D7
07130000
97360F27
00274683
00074703
02D787B3
0FF7F793
FAF76AE3
40F707B3
0FF7F793
08F406A3
02F406A3
01A34785
B5E100F4
01A34785
478300F4
47610054
02E787B3
A6039BBE
478507CB
02F61D63
03744783
26C00693
0017C793
02F40BA3
02D787B3
0E8C2703
05418693
04C41023
77138341
97B60FF7
00E78023
3E07B797
0A078923
0723BD9D
B79702F4
9B233E07
B5A50A07
FFE48793
24FCE263
3E07B417
06440413
00544783
4C034761
87B30014
470102E7
7C130C05
00A30FFC
97A20184
0757C803
0767CD03
059C1C63
C30D27B7
0AC7A783
83B15038
7FF7F793
D03C97BA
4703507C
07850394
B797D07C
82233E07
B7970407
8D233E07
B7970207
93233E07
47830407
C7930374
0BA30017
C77902F4
112357FD
470904F4
3E07C797
878780A3
C30D27B7
0EC7A683
1FF6F793
1006F693
07C2EADD
878987C1
04F41523
C30D27B7
0EC7AB83
02E44783
018BDB93
001BFB93
47839BBE
FB9302C4
07230FFB
07850374
02F40623
020B9F63
04045303
26C00593
00680CB3
0395C763
03744E03
04000793
02BE0E33
05418593
0EB3862E
9EAE01C3
0507FE63
3E07B797
7E57C783
1023EBD1
50580594
106347D5
273710F7
2783C30D
83F10EC7
E3E58B8D
5E088097
374080E7
3E07B797
3C078CA3
F80FB0EF
05134581
90970FF0
80E75E08
B9E51C20
3E07B797
78078EA3
8793BF35
B7A1E007
00387593
C59187C2
00480693
F7938E8D
46890FF6
00D48763
C30D36B7
D0068693
36B7A029
8693C30D
4501C806
F6F55EE3
00D505B3
7893418C
98F6FFC5
00B8A023
B7ED0511
B7974685
87933E07
166375E7
D68300DC
9023000E
D78300D7
05B30007
169300E3
95F20107
40EC8733
04245503
82C195B2
00F75B63
40D80633
82410642
EEDFB0EF
04A41123
8613B72D
06330027
8E154066
82410642
ED5FB0EF
04A41123
3E07B797
6E0786A3
2783B729
47050EC7
8B8D83F1
C4E79DE3
6AE3BF11
9063C5AC
4785020B
00FD1D63
C30D27B7
0EC7A783
8B8D83F1
01A78563
072357B5
809702F4
80E75E08
B7972620
83A33E07
B1052C07
FFC48793
0EFCE363
3E07B417
E1C40413
00544783
87B34761
97A202E7
0757CB83
0767C703
00044783
F7930785
00230FF7
946300F4
B6970797
97233E07
ED63E206
505802E7
106347D5
B0EF06F7
9097E22F
80E75E08
B797BDA0
83233E07
47852607
F4F1AE23
05134581
A0230FF0
9097F601
80E75E08
A80504A0
FFF70693
02D79163
36B78B85
CFA9C30D
C086A783
00100637
8FD10641
C0F6A423
EFE3A019
4783FCEC
F0E30004
4C5CFAE7
B6078BE3
0177F363
57838BBE
85930404
F61352C1
95BE0FFB
80978526
80E75E08
5783F300
97DE0404
04F41023
8BB34C5C
2E234177
B6810174
C086A783
0167E7B3
4719B775
C30D37B7
04E49C63
C087A703
01576733
C0E7A423
84C1C783
B0078DE3
B0EF0848
47D2FF3F
F7935502
E7811007
944FC0EF
5792B609
00F56963
C30F0737
9BF9571C
5512D71C
C802B7E5
C30F0737
8F895B54
C83EC836
DB5C47C2
BFC95502
C087A703
67334581
A4230137
A703C0E7
7733C087
A4230147
C783C0E7
C503F241
B717F2C1
0E233E07
B0EFCAF7
C783E25F
CA3EF2C1
F2D1C783
00F037B3
CC660848
D0EFCE3E
B289826F
0E047413
8082B26D
634032EF
D10017B7
FF87A703
D6977179
8693FFFF
6713F686
AC230047
A703FEE7
6713FF87
AC230017
A703FEE7
9B79FF87
FEE7AC23
85C18793
89018713
0791C394
FEE79EE3
D20007B7
000785A3
0007C703
0E177713
00E78023
0007C703
00676713
00E78023
0000100F
001087B7
C30F06B7
16678793
4EDCC29C
177D777D
CEDC8FF9
77FD52D8
8FF96605
81060613
07C28FD1
83C17641
8F5D8F71
06B7D2D8
4EDCC305
F7134529
6713E807
07421207
8FF18341
CEDC8FD9
07B75EC0
8C7DFFE0
001007B7
06478793
DEC08C5D
F27FB0EF
C30507B7
0807A703
00771693
FE06DCE3
FFF00737
8C79177D
A503DFC0
0E630847
30EF1805
55973E60
A5830000
30EF19E5
85AA0800
C30F0437
6741445C
00005517
18C52503
C45C8FD9
066030EF
2AA030EF
3E800713
02E507B3
04C25804
D7B380C1
073702E7
177DFFF0
8FC507C2
07B7D81C
87930010
C01C1667
441CC602
C41C9BF9
8FF94C5C
545CCC5C
00479713
12074463
5418483C
8B8D4689
14D79663
03638B05
60731207
06B73004
569CC30F
FE000737
8FF9177D
02000737
D69C8FD9
B0EF0848
B797DDBF
93233E07
B0EFB007
4683A74F
07B702C1
87930505
C83E5067
00B68793
3E07B417
AE040413
0FF7F493
3E07B617
34F60223
00234799
16FD08F4
97B6181C
FE07C503
F0000793
00F41523
D83C479D
561747F2
06130000
4703DBE6
22230181
47D108F4
02F686B3
07128315
00C70593
00B41623
00A595B3
00A71733
00A40323
96B24501
42DC46D0
0006D683
879397B2
97B61A07
97BA97AE
DC3C0786
CC1C4785
00F40123
5E088097
C10080E7
A26FC0EF
05134789
86230640
B0EF84F1
8526DA9F
C57FC0EF
B0EF8526
B0EFBCAF
3737F49F
2783C30D
C63EC247
E79347B2
C63E0017
222347B2
8097C2F7
80E75E08
FD651480
9BCFC0EF
306F6145
55973D60
A5830000
BD8D0065
D49FB0EF
B0EF0848
47D2CCFF
2007F793
541CDFF1
FE000737
8FF9177D
B7F9D41C
8EE3470D
4705EAE7
FCE794E3
B0EF0848
47D2CA7F
C7934458
8FF9FFF7
0FF7F793
F0077713
C45C8FD9
F79347D2
DFD92007
0737541C
177DFE00
D41C8FF9
CEDFB0EF
6685B771
77B316FD
472D00D5
00F76E63
85C18713
97BA078A
C3054398
328032EF
45019702
3440306F
FFFFD717
C5E70713
FED796E3
88C1A703
4501B7CD
07B78082
4BD8C302
CF198B05
1ACCE737
C30216B7
55170713
C0E6A023
671347D8
C7D80017
C006A023
32EF8082
11412DE0
07B7C402
5BF8C300
4722C43A
C3158B05
57F8C602
06078793
4732C63A
00176713
4732C63A
D797C7D8
A7833E07
C3913BE7
01419782
2C80306F
2A0032EF
C4021141
C30007B7
C43A4BF8
8B054722
C602C315
879347F8
C63A0407
67134732
C63A0017
C7D84732
3E07D797
37C7A783
9782C391
306F0141
32EF28A0
11412620
07B7C402
5BD8C300
4722C43A
C3158B05
57D8C602
02078793
4732C63A
00176713
4732C63A
D797C7D8
A7833E07
C39133A7
01419782
24C0306F
224032EF
C4021141
C30007B7
C43A4BD8
8B054722
C602C305
C63A47D8
67134732
C63A0017
C7D84732
3E07D797
2FC7A783
9782C391
306F0141
07B72120
4F98C301
C7098B05
67134FD8
CFD80017
32EF8082
451D1D60
CDDFB0EF
1F00306F
1C8032EF
B0EF4519
306FCCFF
32EF1E20
45151BA0
CC1FB0EF
1D40306F
1AC032EF
B0EF4511
306FCB3F
32EF1C60
450D19E0
CA5FB0EF
1B80306F
190032EF
B0EF4509
306FC97F
32EF1AA0
45051820
C89FB0EF
19C0306F
174032EF
B0EF4501
306FC7BF
769318E0
07370FF5
4F1CC309
8B858395
C314FFED
32EF8082
842E1520
228584B2
0933CD09
15630094
85260124
1600306F
00044503
37F10405
557DB7FD
B717BFC5
07133E07
87AAFDA7
D6974308
86933E07
97AA3666
00D7EA63
3E086697
76868693
00F6E463
8082C31C
8082557D
0737E115
46A9C309
00C51363
431C8082
00A58833
0FF7F793
00F80023
00D78563
B7DD0505
8082557D
80824501
80824505
4785157D
00A7E663
C1DC6789
80824501
D71747A5
2D233E07
557D2EF7
47A58082
3E07D717
2EF72623
8082557D
00000000
00000000
00000000
00000000
00000000
00000000
00000000
00000000
00000000
00000000
00000000
00000000
00000000
00000000
C006715D
C416C212
C81EC61A
CC2ECA2A
D036CE32
D43ED23A
DE46DC42
C2F6C0F2
C6FEC4FA
7EE5D073
7EF65073
7EB6D073
34202573
F0EF858A
52D2CF1F
7C429073
907352C2
52B23412
34229073
42124082
433242A2
455243C2
467245E2
57125682
586257A2
4E0658F2
4F264E96
61614FB6
30200073
00000000
00000000
BF290000
A783C1C5
1101FFC5
CE06CC22
FFC58413
0007D363
C62A943E
87132271
431C8541
863A4532
2223EB81
C3000004
40F24462
AA956105
00F47E63
07334014
966300D4
439800E7
973643DC
C05CC018
BFF9C200
43DC873E
7DE3C399
4314FEF4
00D70633
00861F63
96B24010
0633C314
9FE300D7
4390FAC7
96B243DC
C35CC314
7563BF45
47B100C4
B75DC11C
06B34010
966300C4
439400D7
96B243DC
C05CC014
B779C340
11018082
8493CA26
98F10035
CE06C84A
C64ECC22
47B104A1
F163892A
44B104F4
04B4E063
28F9854A
85418793
86BE4398
E031843A
85818413
E789401C
854A4581
C0082851
854A85A6
59FD2071
07351863
202347B1
854A00F9
A031207D
FC04D2E3
202347B1
450100F9
446240F2
494244D2
610549B2
401C8082
CE638F85
462D0207
00F67663
943EC01C
A029C004
1263405C
C29C0287
2885854A
00B40513
00440793
07339961
01E340F5
943AFCF5
C01C8F89
C35CBF65
8722B7C5
BFA54040
00350413
03E39871
05B3FC85
854A40A4
1DE32021
BFBDFB35
C4221141
852E842A
3E07D797
0A07A623
F0EFC606
57FDD39F
00F51863
3E07D797
0987A783
C01CC391
442240B2
80820141
80828082
14634701
450100E6
07B38082
070500E5
00E586B3
0007C783
FFF6C683
FED783E3
40D78533
C7B38082
8B8D00A5
00C506B3
478DE781
00C7EE63
786387AA
C7030AD5
07850005
8FA30585
EAE3FEE7
8082FED7
00357713
CB1187AA
0005C703
05850785
FEE78FA3
0037F713
F713B7FD
0613FFC6
FB63FE07
A38304C7
A2830005
AF830045
AF030085
AE8300C5
AE030105
A3030145
A8830185
A02301C5
A2230077
A8030057
A4230205
A62301F7
A82301E7
AA2301D7
AC2301C7
AE230067
85930117
87930245
AE230247
B775FF07
863E882E
02E66063
FFD78813
66634601
070D0107
76138F1D
97B2FFC7
ECE395B2
8082F4D7
00082883
08110611
FF162E23
433DBFD1
7363872A
779302C3
EFBD00F7
7693E5AD
8A3DFF06
C30C96BA
C70CC34C
0741C74C
FED76BE3
8082E211
40C306B3
0297068A
96960000
00A68067
00B70723
00B706A3
00B70623
00B705A3
00B70523
00B704A3
00B70423
00B703A3
00B70323
00B702A3
00B70223
00B701A3
00B70123
00B700A3
00B70023
F5938082
96930FF5
8DD50085
01059693
B7618DD5
00279693
00000297
82869696
FA8680E7
17C18096
963E8F1D
F8C374E3
715DB7A5
D606D422
DA2E842A
DE36DC32
C2BEC0BA
C6C6C4C2
8101A503
4D1CC511
C62AE781
453220C5
1854450C
CE368622
50B22465
61615422
87AA8082
0007C703
FF6D0785
40A78533
8082157D
C4221141
842AC606
00B51623
00C51723
00052023
00052223
00052423
06052223
00052823
00052A23
00052C23
45814621
05C50513
07973DE9
87930000
D05C4F07
00000797
51878793
0797D41C
87930000
D45C55C7
00000797
58878793
D00040B2
4422D81C
80820141
00001597
8F658593
1141A2A1
0613C226
84930680
84B3FFF5
C04A02C4
C422892E
8593C606
F0EF0744
842AC81F
2023C919
22230005
05310125
8613C408
45810684
40B2359D
44228522
49024492
80820141
E3AD4D1C
C4221141
0797C606
87930000
D51CFA67
04052423
04052623
04052823
8141A783
1463842A
478500F5
8522CD1C
C048281D
28058522
8522C408
C448202D
46014048
37094591
46054408
3DED45A5
46094448
3DCD45C9
40B24785
4422CC1C
80820141
11418082
A483C226
4C9C8141
C606C04A
892AC422
8526E399
84933751
44800484
17FD40DC
0007D663
CFB9409C
BFC54084
00C41703
77C1E739
22230785
20230604
22230004
24230004
C45C0004
00042823
00042A23
00042C23
45814621
05C40513
D93FF0EF
02042A23
02042C23
04042423
04042623
852240B2
44924422
01414902
04138082
BF710684
854A4591
C08835E9
FD49842A
202347B1
BFE900F9
D4227179
CE4ED04A
C85ACC52
D606C65E
CA56D226
8A2E892A
04850413
4B054981
44045BFD
00442A83
D0631AFD
4000020A
50B2F86D
54925422
4A625902
4B424AD2
854E4BB2
614549F2
D7838082
7B6300C4
978300FB
876300E4
85A60177
9A02854A
00A9E9B3
06848493
461CB7C1
C61C17FD
0007D963
C5634E18
47A900E7
00F59363
421CA66D
8713852E
C2180017
00B78023
11018082
CA26CC22
C64EC84A
CE06C452
89AE892A
04B38432
5A7D00D6
00941463
A8094501
00044583
854A864E
0405377D
FF4516E3
446240F2
494244D2
4A2249B2
80826105
CD227135
C94ACB26
CF06C74E
C356C552
DEDEC15A
DAE6DCE2
84AE89AA
84368932
4D1CC509
F0EFE399
4797E07F
87930000
9C633767
A4830CF4
D7830049
8BA100C4
489CC7FD
0793C7ED
04A30200
079302F1
D2020300
02F10523
0B93C622
4A970250
8A930000
4C05382A
844A4B29
00044783
9063C399
0CB30F77
0D634124
86E60124
85A6864A
3F25854E
066357FD
57921EF5
D23E97E6
00044783
1C078F63
091357FD
C8020014
CA3ECE02
09A3CC02
D4820401
00094583
85564615
7AE000EF
041347C2
E9510019
0107F713
0713C709
09A30200
F71304E1
C7090087
02B00713
04E109A3
00094683
02A00713
06E68F63
844A47F2
46254681
00044703
00140593
FD070713
0AE67863
CE3ECAAD
4797A0BD
87930000
95632B67
A48300F4
B7050089
00004797
26478793
F0F49BE3
00C9A483
85A6B739
2E29854E
557DD909
446A40FA
494A44DA
4A2A49BA
4B0A4A9A
5C665BF6
610D5CD6
04058082
0533BF21
15334155
8FC900AC
8922C83E
4732B7B1
00470693
C6364318
02074963
4703CE3A
07930004
1F6302E0
470304F7
07930014
1B6302A0
47B202F7
87130409
439C0047
C163C63A
CA3E0207
0733A835
E79340E0
CE3A0027
B7E1C83E
036787B3
4685842E
BF2D97BA
B7C557FD
CA020405
47814681
47034625
05930004
07130014
7663FD07
F2F106E6
00044583
4517460D
05130000
2DB52065
4797CD11
87930000
8D1D1FA7
04000793
00A797B3
04054542
C82A8D5D
00044583
45174619
05130000
09131DE5
04230014
25A102B1
A797C13D
87933DFF
E795DFE7
47B24742
10077713
0791CF09
5792C63E
D23E97D2
87B3B52D
842E0367
97BA4685
079DBFBD
07A19BE1
0078B7D5
00000697
D6668693
080C8626
0097854E
00E70000
57FD0000
14E38A2A
D783FCF5
F79300C4
9CE30407
5512EA07
0078BD55
00000697
D3668693
080C8626
2DDD854E
1141BFD9
842EC422
00E59583
00EFC606
496315D0
487C0005
C87C97AA
442240B2
80820141
00C45783
177D777D
16238FF9
B7ED00F4
00C5D783
CC221101
C84ACA26
CE06C64E
1007F793
842E84AA
89B68932
9583C791
468900E5
21A14601
00C45783
177D777D
15838FF9
162300E4
446200F4
86CE40F2
49B2864A
85264942
610544D2
1141A201
842EC422
00E59583
2911C606
570357FD
1B6300C4
77FD00F5
8FF917FD
00F41623
442240B2
80820141
8FD96785
00F41623
B7FDC868
00E59583
1101A409
CA26CC22
CE06C84A
84AAC64E
8432892E
4D1CC509
F0EFE399
4797ABFF
87930000
196302E7
40C006F4
C41C4C1C
00C45783
C3C98BA1
CFBD481C
4008481C
0FF97993
0FF97913
485C8D1D
00F54663
852685A2
E52D262D
0505441C
C41C17FD
8713401C
C0180017
01378023
8963485C
578300A7
8B8500C4
47A9CB81
00F91663
852685A2
ED0D2CED
446240F2
49B244D2
4942854A
80826105
00004797
FD478793
00F41463
B7594480
00004797
F8478793
F6F41EE3
BF9D44C0
852685A2
DD3D2835
B7D9597D
C4221141
852E842A
863685B2
3E07C797
7E07A223
F0EFC606
57FDC48F
00F51863
3E07C797
7D07A783
C01CC391
442240B2
80820141
C4221141
C04AC226
A483C606
892A8101
C491842E
E7814C9C
F0EF8526
47979C7F
87930000
1763F367
40C002F4
00C41783
01079713
0087F693
EAB58341
01077693
4725EA95
00E92023
0407E793
00F41623
A879557D
00004797
F2078793
00F41463
B7E94480
00004797
ED078793
FCF410E3
BF6D44C0
C7158B11
C991584C
04440793
00F58563
F0EF854A
2A23D0EF
57830204
222300C4
F7930004
1623FDB7
481C00F4
5783C01C
E79300C4
16230087
481C00F4
5783EF81
071300C4
F7932000
85632807
85A200E7
2C5D854A
00C41783
01079713
0017F693
C29D8341
24234854
06B30004
CC1440D0
45014814
7713E681
FF290807
442240B2
49024492
80820141
00277693
E2914601
C4104850
1141BFF1
842AC422
C797852E
A5233E07
C6066A07
BB2FF0EF
186357FD
C79700F5
A7833E07
C3916967
40B2C01C
01414422
D7838082
110100C5
CA26CC22
C84ACE06
F713C64E
84AA0087
E76D842E
476341D8
41B800E0
00E04463
A0C94501
DF6D5458
0004A903
01379693
0004A023
0606DF63
57834868
8B9100C4
405CC799
585C8D1D
403CC399
545C8D1D
862A500C
85264681
57FD9782
00C45703
00F51D63
47F54094
08D7E563
204007B7
D7B30785
8B8500D7
481CCFAD
00042223
1793C01C
D8630137
57FD0007
00F51463
E391409C
584CC868
0124A023
0793D1D1
85630444
852600F5
BACFF0EF
02042A23
500CBF85
46014685
97028526
1EE357FD
409CF6F5
4775DBBD
00E78563
95634759
A02300E7
B7A90124
00C45783
0407E793
00F41623
446240F2
494244D2
610549B2
67138082
16230407
B7ED00E4
0105A983
F20980E3
0005A903
A0238B8D
09330135
47014139
49D8E391
53E3C418
541CF120
86CA500C
8526864E
4A639782
578300A0
557D00C4
0407E793
00F41623
99AAB765
40A90933
499CBFD9
1101C3AD
CE06CC22
C519842A
E7894D1C
F0EFC62E
45B2F46F
00004797
CB478793
00F59C63
9783404C
C79D00C5
44628522
610540F2
E7FFF06F
00004797
CB478793
00F59463
B7C5440C
00004797
C6478793
FCF59BE3
BFC1444C
446240F2
61054501
45018082
11418082
842AC422
85B2852E
C7978636
A1233E07
C6064C07
9A4FF0EF
186357FD
C79700F5
A7833E07
C3914AE7
40B2C01C
01414422
71598082
892ED0CA
00E59583
D2A6D4A2
8432D686
DC6384B6
57830005
A02300C9
F7930004
E38D0807
40000793
0030A005
44E32969
4732FE05
8FF967BD
97BA7779
0017B793
B7CDC09C
04000793
C01C50B6
54965426
45015906
80826165
00C5D783
CC221101
CA26CE06
8B89C84A
CF89842E
04740793
C81CC01C
C85C4785
446240F2
494244D2
80826105
00300074
3F95892A
84AA45A2
F0EF854A
ED01A80F
00C41783
2007F713
9BF1FF61
0027E793
00F41623
F797B7C1
8793FFFF
24235BE7
578302F9
C00800C4
E793C808
16230807
47A200F4
47B2C85C
1583CF89
854A00E4
C9012105
00C45783
E7939BF1
16230017
550300F4
8CC900C4
00941623
F593B751
962A0FF5
00C51463
80824501
00054783
FEB78DE3
B7FD0505
CC527179
8A3A499C
D4224598
CE4ED226
D606CA56
C85AD04A
89AAC65E
84B2842E
D3638AB6
87BA00E7
4703C09C
C3190434
C09C0785
F793401C
C7810207
0789409C
2903C09C
79130004
1A630069
0B130009
5BFD0194
4098445C
4C638F99
478304F9
36B30434
401C00F0
0207F793
0613EBA5
85D60434
9A02854E
036357FD
401C04F5
40984611
44548B99
97634481
84B300C7
D36340E6
44810004
4818441C
00F75463
94BE8F99
04694901
98635B7D
45010524
4685A809
85D6865A
9A02854E
01751E63
50B2557D
54925422
49F25902
4AD24A62
4BB24B42
80826145
BFAD0905
00D40733
03000613
04C701A3
04544703
00168793
068997A2
04E781A3
4685BF9D
85D68622
9A02854E
FB650EE3
B7450905
D4227179
D04AD226
D606CE4E
CA56CC52
842EC85A
869389B6
C5830435
07930185
84AA0780
EC638932
079300B7
ED630620
876300B7
07931C05
8C630580
0A9312F5
01230424
A81504B4
F9D58793
0FF7F793
66E34655
4617FEF6
06130000
078AA3A6
439C97B2
878297B2
0A93431C
86930424
439C0047
0123C314
478504F4
401CA275
F6134308
05930807
C20D0045
C30C411C
0007D863
02D00713
40F007B3
04E401A3
00004617
9C860613
A0A94729
0407F613
C30C411C
07C2DE71
BFD987C1
431C4010
08067813
00478513
00080563
439CC308
7613A039
C3080406
D783DA7D
07130007
461706F0
06130000
85639866
47290EE5
040401A3
C40C404C
0005C563
996D4008
E399C008
CD998AB6
F5B38AB6
1AFD02E7
C58395B2
80230005
85BE00BA
02E7D7B3
FEE5F5E3
1E6347A1
401C00F7
CB918B85
481C4058
00E7C763
03000793
FEFA8FA3
86B31AFD
C8144156
86CA874E
85A20070
F0EF8526
5A7DDA3F
0D451C63
50B2557D
54925422
49F25902
4AD24A62
61454B42
02A38082
461704B4
06130000
400C8F26
F8134308
411C0805
0D630511
C3080208
0015F713
E593C701
C00C0205
FBA94741
F593400C
C00CFDF5
401CB7A1
0207E793
0793C01C
02A30780
461704F4
06130000
BF758C26
0405F813
03E3C308
07C2FC08
BF7D83C1
BF294721
431C4010
7813484C
85130806
06630047
C3080008
C38C439C
C308A801
04067613
DA75439C
00B79023
00042823
B7898AB6
4050431C
86934581
C3140047
0007AA83
F0EF8556
C501CC1F
41550533
405CC048
01A3C81C
BF290404
86564814
852685CA
01E39982
401CF345
E78D8B89
444847B2
F0F55BE3
BF01853E
86564685
852685CA
01E39982
0A05F165
4732445C
45E38F99
BFE9FEFA
0A934A01
5B7D0194
1141B7F5
842AC422
85B2852E
C7978636
AD233E07
C606FE07
CB5FE0EF
186357FD
C79700F5
A7833E07
C391FE67
40B2C01C
01414422
11418082
842AC422
85B2852E
3E07C797
FC07A423
E0EFC606
57FDCB3F
00F51863
3E07C797
FB47A783
C01CC391
442240B2
80820141
C4221141
852E842A
3E07C797
F807AC23
E0EFC606
57FDC7FF
00F51863
3E07C797
F847A783
C01CC391
442240B2
80820141
87AE88AA
85368832
99638346
46972006
86930000
F0638466
67410CC5
0AE67663
0FF00713
00C73733
5533070E
96AA00E6
0006C683
02000513
06B39736
0C6340E5
97B300E5
D73300D7
183300E8
65B300D6
933300F7
589300D8
D7B30108
16130315
82410108
01035713
0315F6B3
05B3853E
06C202F6
7C638F55
974200B7
FFF78513
01076763
00B77563
FFE78513
8F0D9742
031777B3
53130342
57330103
07C20317
0067E333
02E606B3
7B63863A
934200D3
FFF70613
01036663
00D37463
FFE70613
8D510542
A85D4581
01000537
6EE34741
4761F4A6
E601BF99
58334705
674102C7
08E87F63
0FF00713
01077363
57334521
96BA00A8
0006C703
02000613
06B3972A
156340E6
87B308E6
45854107
01085893
01081613
57138241
F6B30103
D7B30317
06C20317
0E338F55
853E02F6
01C77C63
85139742
6763FFF7
75630107
851301C7
9742FFE7
41C70733
031777B3
53130342
57330103
07C20317
0067E333
02E606B3
7B63863A
934200D3
FFF70613
01036663
00D37463
FFE70613
8D510542
07378082
45410100
F6E865E3
B7954561
00D81833
00E7D5B3
00D89333
00D797B3
00E8D733
01085893
00F76633
0315F733
01081793
551383C1
D5B30106
07420315
86B38F49
852E02B7
00D77C63
85139742
6763FFF5
75630107
851300D7
9742FFE5
40D706B3
0316F733
82410642
0316D6B3
88B30742
67B302D7
873600C7
0117FC63
871397C2
E763FFF6
F5630107
87130117
97C2FFE6
01051593
411787B3
BDCD8DD9
14D5E163
FF636741
071302E6
35B30FF0
058E00D7
00B6D533
00003717
62070713
4703972A
05130007
972E0200
40E505B3
02E51163
E5E34505
B533F2F6
451300C8
BF390015
01000737
E5E345C1
45E1FCE6
5333B7D1
96B300E6
633300B6
D53300D3
5E9300E7
76B30103
97B303D5
D73300B7
683300E8
179300F7
83C10103
01085713
00B61633
03D55533
8F5506C2
02A78F33
7C638E2A
971A01E7
FFF50E13
00676763
01E77563
FFE50E13
0733971A
76B341E7
573303D7
06C203D7
02E78EB3
01081793
8FD583C1
FC63853A
979A01D7
FFF70513
0067E763
01D7F563
FFE70513
0E42979A
41D787B3
65336EC1
869300AE
7333FFFE
581300D5
8EF10105
0E338241
06B302D3
571302D8
0333010E
933602C3
0833971A
736302C8
987600D7
01075693
E0639836
93E30307
67C1D907
8F7D17FD
7E330742
98B300FE
977200B8
F3E34581
157DE2E8
4581B3A5
BD294501
00100837
1101187D
00B877B3
0145D713
00D87833
0146D893
078ECC22
7FF77413
01D55713
8FD9CA26
01F5D493
01D65713
7FF8F893
01F6D593
CE06080E
C64EC84A
6733050E
060E0107
411406B3
22B49563
0ED05163
02089863
00C765B3
20058B63
FFF68593
962AE989
00A63533
97AA97BA
44058532
0813A8B1
9D637FF0
04130106
AA717FF0
7FF00593
18B40B63
008005B7
85B68F4D
03800693
08B6C963
C06346FD
081306B6
08330200
16B340B8
58B30107
163300B6
E6B30106
36330116
8E5500C0
00B75733
973E962A
00A637B3
853297BA
00879713
14075563
07130405
05637FF0
06B748E4
16FDFF80
55938EFD
89050015
01F69793
8D5D8D4D
0016D793
8693A20D
0893FE05
56B30200
480100D7
01158863
04000813
40B805B3
00B71833
00C86633
00C03633
47018E55
8E59BF71
00C03633
CAD5BFDD
408885B3
E6B3E40D
8C6300A7
86934006
E699FFF5
97BA9532
00C53633
B70597B2
7FF00813
01059D63
853287BA
0693BF39
8BE37FF0
06B7FED8
8FD50080
059386AE
C4630380
45FD06D5
02D5CB63
02000813
40D80833
00D55333
010795B3
01051533
0065E5B3
00A03533
D6B38D4D
953200D7
00E687B3
00C53633
844697B2
8593B705
0313FE06
D5B30200
480100B7
00668863
04000813
40D806B3
00D79833
00A86533
00A03533
46818D4D
8D5DB7D9
00A03533
0693BFDD
F5930014
E1BD7FE6
00A7E6B3
8463E429
66B33606
C28500C7
97BA962A
00A63533
971397AA
85320087
00075763
FF800737
8FF9177D
77134405
05630075
77133407
469100F5
34D70063
00450693
00A6B533
853697AA
DE99AE05
0EE38E59
4481E206
004007B7
04134501
AE297FF0
7FF00593
30B68663
973E962A
00A637B3
1513973E
820501F7
57938D51
84360017
5663B76D
91630CD0
65B30808
D9E500C7
FFF68593
0633E991
353340C5
8F9900C5
85328F89
A0B14405
7FF00813
DD068FE3
03800693
08B6C963
C06346FD
081306B6
08330200
16B340B8
58B30107
163300B6
E6B30106
36330116
8E5500C0
00B75733
40C50633
40E78733
00C537B3
40F707B3
97138532
5AE30087
0937F207
197D0080
0127F933
A27589AA
7FF00593
F0B40FE3
008005B7
85B68F4D
8693BF61
0893FE05
56B30200
480100D7
01158863
04000813
40B805B3
00B71833
00C86633
00C03633
47018E55
8E59BF71
00C03633
C2F9BFDD
40888833
E6B3E815
8F6300A7
06932606
EA91FFF8
40A60533
40F707B3
00A63633
84AE8F91
0313BF05
1F637FF0
87BA0068
04138532
A07D7FF0
7FF00693
FED889E3
008006B7
86C28FD5
03800813
06D84863
4E63487D
031302D8
03330200
5E3340D3
983300D5
15330067
68330065
353301C8
653300A0
D6B300A8
053300D7
07B340A6
363340D7
8F9100A6
84AE8446
8813BF19
0E13FE06
D8330200
43010107
01C68863
04000313
40D306B3
00D79333
00A36533
00A03533
00A86533
B7C14681
35338D5D
BFDD00A0
00140693
7FE6F693
E833E6B5
66B300A7
E43100C7
00081863
1A068A63
853287BA
BBD584AE
DE0689E3
40C50833
010538B3
40E786B3
411686B3
00869893
0008DA63
40A60533
40F707B3
00A63633
BFC98F91
00D86533
18050063
854287B6
1863BB6D
8B630008
87BA1606
84AE8532
84E3B129
B3F1C006
40C509B3
013536B3
40E78933
40D90933
00891693
0606D863
40A609B3
40F707B3
01363633
40C78933
036384AE
854A0609
550010EF
FF850713
C16347FD
069306E7
8E990200
00E917B3
00D9D6B3
95338EDD
4E6300E9
8F010687
00170793
4563467D
071304F6
8F1D0200
00F555B3
00E69633
00E51533
35338E4D
8D5100A0
00F6D7B3
B3054401
0129E533
4781F14D
A0F94401
10EF854E
05134EE0
BF690205
FD850513
00A996B3
B7754501
05931705
D7330200
460100E6
00B78763
04000613
96338E1D
8D5100C6
00A03533
47818D59
07B7BF55
17FDFF80
8FF58C19
87BAB1E9
842E8532
87BAB1C9
B9758532
7FF00413
45014781
00879713
00075B63
07130405
08637FF0
073706E4
177DFF80
97138FF9
810D01D7
07138D59
838D7FF0
00E41963
47818D5D
07B7C509
45010008
17134481
06B70144
07B27FF0
446240F2
83B18F75
8FD904FE
0097E733
44D24942
85BA49B2
80826105
853287BA
BD998442
45014781
BF494481
BFED4781
44814501
004007B7
4781B19D
BF614501
00100737
D813177D
78B30145
87AA00B7
7813832A
D5137FF8
0E9301F5
D5937FF0
8F750146
F5938E32
82FD7FF5
01D81863
00F8EEB3
060E8463
80824509
01D59663
00C76EB3
FE0E9AE3
04081C63
00F8E7B3
0017B793
8E59E199
EB81CE0D
00D51463
0105D963
557DC50D
557D8082
8536C691
54638082
D96500B8
65E38082
9C63FF17
61E300E8
68E3FE6E
4501FFC3
45058082
FFE58082
E0E3BFC1
BFC5FEE8
FB0582E3
4781FDD5
7179BF4D
0145D793
D226D422
CC52CE4E
9493CA56
D60600C5
C85AD04A
9713C65E
842A0157
8AB689B2
DA1380B1
C74101F5
7FF7FB13
7FF00793
0CFB0763
01D55793
8CDD048E
008007B7
19138CDD
0B130035
4B81C01B
014AD793
00CA9413
01579713
F5138031
DA937FF7
C36101FA
7FF00793
10F50563
01D9D793
8C5D040E
008007B7
05138C5D
9793C015
47010039
002B9693
955A8ED9
483916FD
015A4633
00150593
0ED86E63
00003517
D4050513
96AA068A
96AA4294
E9338682
0F6300A4
C88D0409
10EF8526
07132A60
47F1FF55
02E7C763
091347F5
8F99FF85
012494B3
00F457B3
19338CDD
0B130124
0B33C0D0
B79540AB
278010EF
02050513
0493B7F9
14B3FD85
49010094
E933B7CD
0B6300A4
892A0009
7FF00B13
BF3D4B8D
4B014481
BF1D4B85
0B134481
4B897FF0
67B3B735
CFB10134
8522C80D
234010EF
FF550693
C86347F1
477502D7
FF850793
14338F15
D73300F4
8C5900E9
00F997B3
C0D00713
40A70533
854EB72D
204010EF
02050513
0413B7F1
9433FD85
47810089
67B3B7C5
CB910134
051387CE
470D7FF0
4401B711
47054501
4401BDF5
7FF00513
BDCD4709
07136F41
5693FFFF
D3130109
79330107
8FF900E9
032308B3
02F90833
02F68FB3
01F88EB3
01085893
8E3398F6
F3630266
9E7A01F8
0108D293
00E8F8B3
00E87833
01045F13
8C7908C2
873398C2
08330286
09330289
0EB3032F
591300E9
99760108
03E686B3
00E97463
96BA6741
01095E93
66C19EB6
FFF68F93
01F97933
01F87833
0104D713
F4B30942
83B301F4
99420297
083392CA
07B30293
0FB302F7
033302E3
D81300F8
981A0103
00F87363
57939FB6
66C10108
87939FBE
7833FFF6
F7B300F8
03B300F3
08420294
0433983E
04B30287
0333029F
94A202EF
0103D713
F36394BA
93360084
17FD67C1
00F4F6B3
F7B306C2
9E1600F3
393396BE
96F6012E
01268733
38339E42
0F33010E
02B301F7
B6B3010F
373301D6
8F550127
0102B833
3FB380C1
972601FF
010FE833
009E1793
971A9742
0117E7B3
37B30726
5E1300F0
D413017E
E7B30172
02A601C7
00771693
E7B38C59
DA630057
D7130A06
8B850017
17138FD9
8FD901F4
86938005
50633FF5
F7130AD0
CF010077
00F7F713
08634511
871300A7
37B30047
943E00F7
171387BA
58630074
07370007
177DFF00
86938C79
07134005
4E637FE0
D7130ED7
17930037
8FD901D4
9713800D
04320146
7FF006B7
80318F75
067E8C59
673350B2
542200C4
59025492
4A6249F2
4B424AD2
853E4BB2
614585BA
86528082
87CA8426
4689875E
0AD70963
0F63468D
468508D7
F6D717E3
47814401
8656A09D
85AAB7DD
4505BFB9
07138D15
45E30380
477DFEA7
04A74963
41E58593
00B41733
00A7D6B3
00B797B3
37B38F55
8FD900F0
00A45433
0077F713
F713CF01
469100F7
00D70863
00478713
00F737B3
87BA943E
00841713
04074863
01D41713
8FD9838D
4681800D
5705B7A9
08138F15
57330200
468100E4
01050663
43E58593
00B416B3
37B38FD5
8FD900F0
B76D4401
00080437
06934781
46017FF0
4401BF19
06934781
B7317FF0
47814401
B7114685
00100837
1101187D
00B877B3
0145D713
00D87833
0146D893
078ECC22
7FF77413
01D55713
8FD9CA26
01F5D493
01D65713
01F6D593
CE06080E
C64EC84A
7FF8F893
7FF00693
6733050E
060E0107
00D89563
00C766B3
C593E299
08330015
93634114
5C632295
95630F00
66B30408
C28D00C7
FFF40813
00081A63
3533962A
97BA00A6
853297AA
A8954405
7FF00693
02D41963
00757713
4E070563
00F57713
00634691
06934ED7
B5330045
97AA00A6
A9C18536
7FF00693
FCD40EE3
008006B7
06938F55
C8630380
46FD0906
0706C063
02000593
410585B3
00B716B3
010658B3
00B61633
0116E6B3
00C03633
57338E55
962A0107
37B3973E
97BA00A6
97138532
59E30087
0405F807
7FF00713
46E40963
FF8006B7
8EFD16FD
00155593
97938905
8D4D01F6
D7938D5D
B7AD0016
FE080693
02000893
00D756B3
08634581
05930118
88330400
15B34105
8E4D0107
00C03633
47018E55
8E59BF79
00C03633
0B63BFDD
85B30A08
E40D4088
00A7E6B3
40068063
FFF58693
9532E699
363397BA
97B200C5
0813B721
9D637FF0
87BA0105
ACED8532
7FF00693
FED88BE3
008006B7
86AE8FD5
03800593
06D5C463
CB6345FD
081302D5
08330200
533340D8
95B300D5
15330107
E5B30105
35330065
8D4D00A0
00D7D6B3
87B39532
363300E6
97B200C5
B7058446
FE068593
02000313
00B7D5B3
88634801
08130066
06B30400
983340D8
653300D7
353300A8
8D4D00A0
B7D94681
35338D5D
BFDD00A0
00140693
7FE6F593
E6B3E5A9
E41D00A7
34068863
00C766B3
E60684E3
97BA962A
00A63533
971397AA
85320087
E4075AE3
FF800737
8FF9177D
B5994405
8E59DE8D
22060A63
07B74481
45010040
7FF00413
0593AE39
88637FF0
962A30B6
37B3973E
973E00A6
01F71513
8D518205
00175793
B5398436
0D005663
08089363
00C766B3
E00680E3
FFF40813
00081B63
40C50633
00C53533
8F898F99
44058532
0693A0B1
0FE37FF0
0693DCD4
C7630380
46FD0906
0506CF63
02000593
410585B3
00B716B3
010658B3
00B61633
0116E6B3
00C03633
57338E55
06330107
873340C5
37B340E7
07B300C5
853240F7
00879713
D8075AE3
00800937
F933197D
89AA0127
0693A275
0FE37FF0
06B7D6D4
8F550080
0693BF69
0893FE08
56B30200
458100D7
01180863
04000593
41058833
010715B3
36338E4D
8E5500C0
B7454701
36338E59
BFDD00C0
0C080463
40888833
E6B3E815
806300A7
06932806
EA91FFF8
40A60533
40F707B3
00A63633
84AE8F91
0313BF0D
1F637FF0
87BA0068
04138532
A07D7FF0
7FF00693
FED889E3
008006B7
86C28FD5
03800813
06D84863
4E63487D
031302D8
03330200
5E3340D3
983300D5
15330067
68330065
353301C8
653300A0
D6B300A8
053300D7
07B340A6
363340D7
8F9100A6
84AE8446
8813BF21
0E13FE06
D8330200
43010107
01C68863
04000313
40D306B3
00D79333
00A36533
00A03533
00A86533
B7C14681
35338D5D
BFDD00A0
00140693
7FE6F693
E833E6BD
66B300A7
E43100C7
00081863
1A068B63
853287BA
B99984AE
C4068AE3
40C50833
010538B3
40E786B3
411686B3
00869893
0008DA63
40A60533
40F707B3
00A63633
BFC98F91
00D86533
18050163
854287B6
1A63B931
8C630008
87BA1606
84AE8532
7FF00413
DEEDB121
09B3B3E1
36B340C5
89330135
093340E7
169340D9
D8630089
09B30606
07B340A6
363340F7
89330136
84AE40C7
06090363
00EF854A
071325F0
47FDFF85
06E7C163
02000693
17B38E99
D6B300E9
8EDD00D9
00E99533
06874E63
07938F01
467D0017
04F64563
02000713
55B38F1D
963300F5
153300E6
8E4D00E5
00A03533
D7B38D51
440100F6
E533B641
F14D0129
44014781
854EA0F9
1FD000EF
02050513
0513BF69
96B3FD85
450100A9
1705B775
02000593
00E6D733
87634601
061300B7
8E1D0400
00C69633
35338D51
8D5900A0
BF554781
FF8007B7
8C1917FD
B62D8FF5
853287BA
B60D842E
853287BA
0413BE31
47817FF0
97134501
5B630087
04050007
7FF00713
06E40863
FF800737
8FF9177D
01D79713
8D59810D
7FF00713
1963838D
8D5D00E4
C5094781
000807B7
44814501
01441713
7FF006B7
40F207B2
8F754462
04FE83B1
E7338FD9
49420097
49B244D2
610585BA
87BA8082
84428532
4781BD91
44814501
4781BF49
4501BFED
07B74481
B18D0040
45014781
D713BF61
06B70145
87930010
7713FFF6
06137FF7
8FED3FE0
546381FD
061304E6
586341D0
053700E6
45138000
952EFFF5
8FD58082
43300693
467D8E99
00D64D63
BED70713
00E797B3
00D55533
C9998D5D
40A00533
05138082
8D194130
00A7D533
4501B7FD
11418082
C422C606
CD31C226
41F55793
00A7C433
54938C1D
852201F5
09D000EF
41E00713
8F0947A9
02A7C863
8F8947AD
57B30555
143300F4
852600A4
075207B2
057E83B1
40B28FD9
00A7E733
44228522
85BA4492
80820141
FF550793
00F417B3
44018526
4701BFE1
BFE54781
C4221141
842AC606
00EFC129
07130430
47A941E0
C4638F09
47AD02A7
05558F89
00F457B3
00A41433
852240B2
442207B2
83B10752
00F766B3
014185B6
07938082
17B3FF55
440100F4
4781B7C5
BFE94701
57131141
06370175
167D0080
7913C04A
D7130FF7
77B30175
C22600A6
77138E6D
C6060FF7
5493C422
81FD01F5
060E078E
40E906B3
12B49463
06D05A63
0B63E321
16FD2606
97B2E68D
9693874A
DB630057
07050C06
0FF00693
26D70463
7E0006B7
0017F613
838516FD
8FD18FF5
0713A865
1C630FF0
071300E9
A06D0FF0
0FF00713
FEE90BE3
04000737
45ED8E59
CD634705
059300D5
57330200
86B300D6
163340D5
363300D6
8F5100C0
BF7997BA
05B3CAA9
1D634127
CB890009
E19915FD
B77197B2
0FF00693
00D71B63
A8A987B2
0FF00693
FED70CE3
040006B7
456D8FD5
4D634685
069300B5
8E8D0200
00B7D533
00D797B3
00F037B3
00F566B3
00C687B3
0593B7B9
F7130019
E3390FE5
02091963
CA19DFD5
969397B2
D7630057
07370006
177DFC00
47058FF9
0077F693
18068D63
00F7F693
88634611
079118C6
8F63A269
DE051607
07B74481
07130200
AAA50FF0
0FF00713
16E58663
838597B2
B7E9872E
06D05463
874AEB21
16FDD261
8F91EE81
00579693
FA06DAE3
04000437
8C7D147D
A8C5893A
0FF00593
0FF00713
F8B90EE3
470545ED
00D5CD63
02000593
00D65733
40D586B3
00D61633
00C03633
8F998F51
BF7D874A
0FF00593
0FF00713
F6B906E3
04000737
B7E98E59
0533CEA1
10634127
CB990209
E509157D
40F607B3
BF4984AE
0FF00693
00D71C63
84AE87B2
0693BF35
0BE30FF0
06B7FED7
8FD50400
4685486D
00A84D63
02000693
D8338E89
97B300A7
37B300D7
66B300F0
07B300F8
BF7D40D6
00190713
0FE77713
1463EF05
E7890209
4781FE45
A8414481
EE0608E3
40C786B3
00569513
40F607B3
FA0541E3
87B6D2FD
98E3BDE1
07E3EE07
87B2EE06
BD3184AE
40C78433
00541713
02075D63
40F60433
852284AE
07132371
1433FFB5
466300E4
07330327
07054127
02000693
00E457B3
40E68733
00E41433
00803433
47018FC1
F861B561
47014781
07B7B771
17FDFC00
40E90733
BD8D8FE1
B5BD874A
BB7587B2
0FF00713
96934781
DB630057
07050006
0FF00693
02D70F63
FC0006B7
8FF516FD
0FF00693
1663838D
C78100D7
004007B7
40B24481
05374422
075E7F80
8F6907A6
951383A5
8FD901F4
49024492
01418D5D
47818082
1101B7F1
5493CA26
C84A0175
C452C64E
00951993
CC22CE06
F493C256
8A2E0FF4
0099D993
01F55913
0793C4AD
8E630FF0
098E06F4
040007B7
00F9E9B3
F8148493
57934A81
1413017A
F793009A
80250FF7
01FA5A13
0713C7AD
8D630FF0
040E06E7
04000737
87938C59
4681F817
002A9613
8C9D8E55
47B9167D
01494533
06C7E563
00002717
F2470713
963A060A
97BA421C
83638782
854E0209
07932991
0493FFB5
99B3F8A0
8C8900F9
0493BF61
4A890FF0
F80989E3
B7714A8D
4A854481
C00DB759
212D8522
FFB50793
00F41433
F8A00793
BF618F89
0FF00793
D8494689
B779468D
46854781
1593B761
FC630054
14FD0C89
D4134681
D8B30105
67C10289
8FED17FD
F73382C1
86460289
03178833
8F550742
01077C63
8613972E
6763FFF8
756300B7
86130107
972EFFE8
41070733
02875833
02877733
030786B3
01071793
FC638742
97AE00D7
FFF80713
00B7E763
00D7F563
FFE80713
141397AE
8F950106
37B38C59
8C5D00F0
07F48713
08E05963
00747793
7793C799
469100F4
00D78363
17930411
D8630044
07B70007
17FDF800
87138C7D
07930804
800D0FE0
04E7C663
01771793
07370426
8FF97F80
8C5D8025
40F2057E
44628D41
494244D2
4A2249B2
61054A92
96938082
D99301F9
B7250019
844E854A
478D86D6
06F68263
85634785
478906F6
F8F692E3
07134401
BF4D0FF0
B7D58552
00400437
468D4501
4785BFE9
476D8F99
04F74263
09E48493
00F457B3
00941433
00803433
77938C5D
C7990074
00F47793
83634711
041100E7
00541793
DC63800D
44010007
B79D4705
00400437
0FF00713
BFA94501
47014401
05B7BF91
57930080
86930175
F793FFF5
06130FF7
8EE907E0
01F55713
02F67D63
09F00613
05138E19
D763FFF7
450102C7
0713E705
E5330950
576300B6
879300F7
1533F6A7
808200F5
09600713
40F707B3
00F55533
45018082
11418082
C422C606
C555C226
41F55793
00A7C433
54938C1D
852201F5
07932C05
872A09E0
40A78533
09600793
02A7C463
D56347A1
176100E7
00E41433
055E0426
8C498025
01F49513
8D4140B2
44924422
80820141
09900793
00A7DD63
8F994795
01B70693
00F457B3
00D41433
00803433
47958C5D
00E7D663
FFB70793
00F41433
FC0007B7
769317FD
8FE10074
883DC691
03634691
079100D4
00579693
0006DA63
FC0006B7
041316FD
8FF509F0
40E40533
0037D413
4481B761
B7494401
C4221141
842AC606
CD194781
07932251
8F8909E0
09600713
02F74163
55634721
156100A7
00A41433
80250426
01779513
8D4140B2
01414422
07138082
5D630990
071300F7
469501B5
00E41733
37338E89
543300E0
8C5900D4
56634715
071300A7
1433FFB5
073700E4
177DFC00
00747693
C6918F61
4691883D
00D40363
16930711
D9630057
07B70006
17FDFC00
07938F7D
8F8909F0
00375413
5793BF41
11410175
0FF7F793
C226C422
00951413
01F55493
00178513
7513C606
80250FE5
8513C50D
57933807
04760034
055207B2
8FC983B1
01F49513
E73340B2
852200A7
44924422
014185BA
EB958082
8522D065
47A92055
00A7CF63
8F8947AD
01550713
00F457B3
00E41433
38900713
40A70533
0793BF75
17B3FF55
440100F4
4781B7F5
5793C419
07370034
04760008
05138FD9
BF697FF0
43017139
A019C66E
53417139
CA66C86A
CE5ECC62
7139A019
D05A5301
D452D256
D84AD64E
DC22DA26
0133DE06
82824061
C04A1141
C422C226
8282C606
01414DB2
4C924D02
4BB24C22
4B020141
4A224A92
014149B2
44924902
40B24422
80820141
766367C1
079302F5
B7B30FF0
078E00A7
02000713
55338F1D
279700F5
87930000
953EADA7
00054503
40A70533
07378082
47C10100
FCE56EE3
BFD947E1
FFFFFFFF
33323130
37363534
62613938
66656463
6A696867
6E6D6C6B
7271706F
76757473
7A797877
00000000
33323130
37363534
42413938
46454443
4A494847
4E4D4C4B
5251504F
56555453
5A595857
00000000
20202020
30303030
3E3C3830
3C383030
00000000
01020408
01010101
01010101
01010101
00000000
FFFF8BC0
FFFF8C8C
FFFF8B22
FFFF8B22
FFFF8C8C
FFFF8AC8
FFFF8C14
5541434D
203A4553
6C257830
000A0D78
4350454D
203A2020
6C257830
000A0D78
4156544D
203A204C
6C257830
000A0D78
203A6172
6C257830
74202C78
30203A70
786C2578
3074202C
7830203A
2C786C25
3A317420
25783020
202C786C
203A3274
6C257830
74202C78
30203A33
786C2578
3474202C
7830203A
2C786C25
3A357420
25783020
202C786C
203A3674
6C257830
30610A78
7830203A
2C786C25
3A316120
25783020
202C786C
203A3261
6C257830
61202C78
30203A33
786C2578
3461202C
7830203A
2C786C25
3A356120
25783020
202C786C
203A3661
6C257830
61202C78
30203A37
786C2578
61636D0A
3A657375
25783020
202C786C
6370656D
7830203A
2C786C25
75736D20
203A6D62
6C257830
00000A78
65737361
6F697472
6166206E
64656C69
2560203A
61206073
73252074
0D64253A
0000000A
772F3A45
2F6B726F
6C6F6154
2F6B6E69
36384B54
432F3032
2F65646F
746F6F62
64616F6C
742F7265
3236386B
6F735F30
65522F63
7361656C
72442F65
72657669
65502F73
68706972
6C617265
6474532F
69726550
72446870
72657669
756F532F
2F656372
6F697067
6C61685F
0000632E
475F5349
5F4F4950
284E4950
61726170
703E2D6D
00296E69
475F5349
5F4F4950
4C4C5550
72617028
3E2D6D61
6C6C7570
00000029
475F5349
5F4F4950
28524944
61726170
643E2D6D
00297269
475F5349
5F4F4950
284E4950
296E6970
00000000
772F3A45
2F6B726F
6C6F6154
2F6B6E69
36384B54
432F3032
2F65646F
746F6F62
64616F6C
742F7265
3236386B
6F735F30
65522F63
7361656C
72442F65
72657669
65502F73
68706972
6C617265
6474532F
69726550
72446870
72657669
756F532F
2F656372
656D6974
61685F72
00632E6C
545F5349
52454D49
444F4D5F
61702845
2D6D6172
6D69743E
6D5F7265
2965646F
00000000
545F5349
52454D49
5245505F
4C414353
70285245
6D617261
72703E2D
61637365
2972656C
00000000
4C554E3C
00003E4C
5E0857F0
5E08570E
5E08572E
5E0855B0
5E08567C
5E08572E
00000001
00000002
010E0014
08200000
00000000
00000000
0000000D
00000000
00020000
00000000
00140000
00000086
0000044C
00000000
000C0000
00000000
00000000
00000003
00000000
00960014
02150000
00000000
00000000
0000000B
00000000
00040000
00000000
00060000
0000008C
00000102
00000000
000A0000
00000000
00000000
00000005
00000005
008C0008
00810000
00000000
00000000
0000000A
00000000
00060000
00000000
00080000
0000012C
00000081
00000000
00090000
00000000
00000000
00000007
00000013
01040006
00840000
00000000
00000000
00000009
00000000
00080000
00000000
00060000
0000008C
00000081
00000000
00090000
00000000
00000000
00000009
00000000
008C0006
00810000
00000000
00000000
00000009
00000000
000A0000
00000000
00060000
0000008C
00000041
00000000
00080000
FFF80008
FFE70019
0000000B
00000000
008E0003
00230000
00000000
00000000
00000007
00000000
000C0000
00000000
00040000
00000088
00000011
00000000
00060000
00000000
00000000
00000008
00000000
008C0006
00810000
00000000
00000000
00000009
00000000
00090000
00000000
00060000
0000008C
00000081
00000000
00090000
00000000
00000000
0000000A
00000000
008C0006
00410000
00000000
00000000
00080008
0019FFF8
000BFFE7
00000000
00030000
0000008E
00000023
00000000
00070000
00000000
00000000
00000001
00000000
010E0014
00000002
00000000
07F00850
00000076
00500000
00000000
00000000
00000000
00000002
00000000
00860014
00000000
00000000
043C045C
00000076
00500000
00000000
00000000
00000000
00000003
00000000
00960014
00000100
00000000
020D021D
00000076
00500000
00000000
00000000
00000000
00000004
00000000
008C0006
00000300
00000000
01000104
00000076
00500000
00000000
00000000
00000000
00000005
00000000
008C0008
00000005
00000000
00800082
00000076
00500000
00000000
00000000
00000000
00000006
00000000
012C0008
0000FF00
00000000
00800082
00000076
00500000
00000000
00000000
00000000
00000007
00000000
01040006
00000C13
00000000
00830085
00000076
00500000
00000000
00000000
00000000
00000008
00000000
008C0006
00000F00
00000000
00800082
00000076
00500000
00000000
00000000
00000000
00000009
00000000
008C0006
00000300
00000000
00800082
00000076
00500000
00000000
00000000
00000000
0000000A
00000000
008C0006
00000F00
00000000
00400042
00000076
00500000
00000000
FFF80008
FFE70019
0000000B
00000000
008E0003
00000E00
00000000
00220024
00000076
00500000
00000000
00000000
00000000
0000000C
00000000
00880004
00000700
00000000
00100012
00000076
00500000
00000000
00000000
00000000
00000008
00000000
008C0006
00000F00
00000000
00800082
00000076
00500000
00000000
00000000
00000000
00000009
00000000
008C0006
00000300
00000000
00800082
00000076
00500000
00000000
00000000
00000000
0000000A
00000000
008C0006
00000F00
00000000
00400042
00000076
00500000
00000000
FFF80008
FFE70019
0000000B
00000000
008E0003
00000E00
00000000
00220024
00000076
00500000
00000000
00000000
00000000
00800100
00200040
00100010
00100010
00080010
00020004
00100010
00040008
00000000
FFFFFFFF
FFFFFFFF
FFFFFFFF
00000000
005CC600
00000001
0000001B
0000001E
00000021
00000021
00000021
00000021
00000024
00000027
0000002A
0000002D
00000030
00000033
00000021
00000024
00000027
0000002A
0000002D
00000030
00000033
00000024
00000024
00000024
00000024
00000021
00000033
00000000
00000000
00000000
00000000
00000000
00000000
FFFFFFFD
FFFFFFFA
FFFFFFF7
FFFFFFF4
FFFFFFF1
FFFFFFF1
00000000
00000000
00000000
00000000
00000000
00000000
FFFFFFF1
00000000
00000000
00000000
00000000
00000000
00000000
FFFF993E
FFFF980A
FFFF98B2
FFFF9BF0
FFFF994E
FFFF98B2
FFFF983C
FFFF9E7C
FFFFA12A
FFFF9EA2
FFFF9F18
FFFF9FB6
FFFFA01C
FFFF9F18
6E727542
6D695420
74756F65
00000A0D
6E727542
6E694620
0D687369
0000000A
646E6148
6B616873
65522065
73657571
72452074
0D726F72
0000000A
646E6148
6B616873
63412065
7245206B
0D726F72
0000000A
73726556
206E6F69
656D6153
00000A0D
646E6148
6B616873
65522065
6E6F7073
45206573
726F7272
00000A0D
646E6148
6B616873
75532065
73656363
6C756673
0A0D796C
00000000
6E727542
696E4920
72452074
0D726F72
0000000A
0000002E
72677055
20656461
696E6946
0A0D6873
00000000
72677055
20656461
20637243
6F727245
30252872
253A5838
29583830
00000A0D
73726556
206E6F69
656D6153
2E752528
252E7525
0A0D2975
00000000
00000000
00000000
00000000
00000000
00000000
00000000
00000000
00000000
00000000
00000000
00000000
00000000
00000000
00000000
00000000
00000000
00000815
00000815
0001463A
10001000
10001000
08001000
02000400
01000100
01000100
01000200
01000100
01000100
00000100
00003D09
00007A12
0000F424
0001E848
0003D090
0007A120
000F4240
001E8480
003D0900
007A1200
00F42400
01E84800
3F666666
3FE66666
4019999A
06270627
20DD20DD
0F970F97
F753F753
01C49FFA
20DF6026
32451059
9719B5F0
01C49FFA
1145138D
3E61A9CB
071E85CC
20DF6026
827E3F00
F8421800
5C31B9C0
00000000
77073096
EE0E612C
990951BA
076DC419
706AF48F
E963A535
9E6495A3
0EDB8832
79DCB8A4
E0D5E91E
97D2D988
09B64C2B
7EB17CBD
E7B82D07
90BF1D91
1DB71064
6AB020F2
F3B97148
84BE41DE
1ADAD47D
6DDDE4EB
F4D4B551
83D385C7
136C9856
646BA8C0
FD62F97A
8A65C9EC
14015C4F
63066CD9
FA0F3D63
8D080DF5
3B6E20C8
4C69105E
D56041E4
A2677172
3C03E4D1
4B04D447
D20D85FD
A50AB56B
35B5A8FA
42B2986C
DBBBC9D6
ACBCF940
32D86CE3
45DF5C75
DCD60DCF
ABD13D59
26D930AC
51DE003A
C8D75180
BFD06116
21B4F4B5
56B3C423
CFBA9599
B8BDA50F
2802B89E
5F058808
C60CD9B2
B10BE924
2F6F7C87
58684C11
C1611DAB
B6662D3D
76DC4190
01DB7106
98D220BC
EFD5102A
71B18589
06B6B51F
9FBFE4A5
E8B8D433
7807C9A2
0F00F934
9609A88E
E10E9818
7F6A0DBB
086D3D2D
91646C97
E6635C01
6B6B51F4
1C6C6162
856530D8
F262004E
6C0695ED
1B01A57B
8208F4C1
F50FC457
65B0D9C6
12B7E950
8BBEB8EA
FCB9887C
62DD1DDF
15DA2D49
8CD37CF3
FBD44C65
4DB26158
3AB551CE
A3BC0074
D4BB30E2
4ADFA541
3DD895D7
A4D1C46D
D3D6F4FB
4369E96A
346ED9FC
AD678846
DA60B8D0
44042D73
33031DE5
AA0A4C5F
DD0D7CC9
5005713C
270241AA
BE0B1010
C90C2086
5768B525
206F85B3
B966D409
CE61E49F
5EDEF90E
29D9C998
B0D09822
C7D7A8B4
59B33D17
2EB40D81
B7BD5C3B
C0BA6CAD
EDB88320
9ABFB3B6
03B6E20C
74B1D29A
EAD54739
9DD277AF
04DB2615
73DC1683
E3630B12
94643B84
0D6D6A3E
7A6A5AA8
E40ECF0B
9309FF9D
0A00AE27
7D079EB1
F00F9344
8708A3D2
1E01F268
6906C2FE
F762575D
806567CB
196C3671
6E6B06E7
FED41B76
89D32BE0
10DA7A5A
67DD4ACC
F9B9DF6F
8EBEEFF9
17B7BE43
60B08ED5
D6D6A3E8
A1D1937E
38D8C2C4
4FDFF252
D1BB67F1
A6BC5767
3FB506DD
48B2364B
D80D2BDA
AF0A1B4C
36034AF6
41047A60
DF60EFC3
A867DF55
316E8EEF
4669BE79
CB61B38C
BC66831A
256FD2A0
5268E236
CC0C7795
BB0B4703
220216B9
5505262F
C5BA3BBE
B2BD0B28
2BB45A92
5CB36A04
C2D7FFA7
B5D0CF31
2CD99E8B
5BDEAE1D
9B64C2B0
EC63F226
756AA39C
026D930A
9C0906A9
EB0E363F
72076785
05005713
95BF4A82
E2B87A14
7BB12BAE
0CB61B38
92D28E9B
E5D5BE0D
7CDCEFB7
0BDBDF21
86D3D2D4
F1D4E242
68DDB3F8
1FDA836E
81BE16CD
F6B9265B
6FB077E1
18B74777
88085AE6
FF0F6A70
66063BCA
11010B5C
8F659EFF
F862AE69
616BFFD3
166CCF45
A00AE278
D70DD2EE
4E048354
3903B3C2
A7672661
D06016F7
4969474D
3E6E77DB
AED16A4A
D9D65ADC
40DF0B66
37D83BF0
A9BCAE53
DEBB9EC5
47B2CF7F
30B5FFE9
BDBDF21C
CABAC28A
53B39330
24B4A3A6
BAD03605
CDD70693
54DE5729
23D967BF
B3667A2E
C4614AB8
5D681B02
2A6F2B94
B40BBE37
C30C8EA1
5A05DF1B
2D02EF8D
C0C10000
0140C181
03C0C301
C2410280
06C0C601
C7410780
C5C10500
0440C481
0CC0CC01
CD410D80
CFC10F00
0E40CE81
CAC10A00
0B40CB81
09C0C901
C8410880
18C0D801
D9411980
DBC11B00
1A40DA81
DEC11E00
1F40DF81
1DC0DD01
DC411C80
D4C11400
1540D581
17C0D701
D6411680
12C0D201
D3411380
D1C11100
1040D081
30C0F001
F1413180
F3C13300
3240F281
F6C13600
3740F781
35C0F501
F4413480
FCC13C00
3D40FD81
3FC0FF01
FE413E80
3AC0FA01
FB413B80
F9C13900
3840F881
E8C12800
2940E981
2BC0EB01
EA412A80
2EC0EE01
EF412F80
EDC12D00
2C40EC81
24C0E401
E5412580
E7C12700
2640E681
E2C12200
2340E381
21C0E101
E0412080
60C0A001
A1416180
A3C16300
6240A281
A6C16600
6740A781
65C0A501
A4416480
ACC16C00
6D40AD81
6FC0AF01
AE416E80
6AC0AA01
AB416B80
A9C16900
6840A881
B8C17800
7940B981
7BC0BB01
BA417A80
7EC0BE01
BF417F80
BDC17D00
7C40BC81
74C0B401
B5417580
B7C17700
7640B681
B2C17200
7340B381
71C0B101
B0417080
90C15000
51409181
53C09301
92415280
56C09601
97415780
95C15500
54409481
5CC09C01
9D415D80
9FC15F00
5E409E81
9AC15A00
5B409B81
59C09901
98415880
48C08801
89414980
8BC14B00
4A408A81
8EC14E00
4F408F81
4DC08D01
8C414C80
84C14400
45408581
47C08701
86414680
42C08201
83414380
81C14100
40408081
00000000
00000000
00000000
00000000
00000000
00000000
00000000
00000000
00000000
00000000
00000000
00000001
00000001
00000001
00000002
00000002
00000002
00000003
00000003
00000004
00000005
00000006
00000007
00000008
00000009
0000000A
0000000B
0000000D
0000000F
00000011
00000013
00000015
00000018
0000001B
0000001E
00000022
00000025
0000002A
0000002F
00000034
0000003A
00000040
00000047
0000004E
00000057
00000060
0000006A
00000074
00000080
0000008D
0000009A
000000A9
000000BA
000000CB
000000DE
000000F3
00000109
00000120
0000013A
00000155
00000173
00000193
000001B5
000001D9
00000200
00000229
00000255
00000285
000002B7
000002EC
00000325
00000361
000003A1
000003E5
0000042D
00000478
000004C8
0000051D
00000576
000005D3
00000636
0000069D
00000709
0000077B
000007F2
0000086F
000008F2
0000097A
00000A08
00000A9C
00000B36
00000BD7
00000C7E
00000D2B
00000DDE
00000E99
00000F5A
00001021
000010EF
000011C4
000012A0
00001382
0000146C
0000155C
00001652
00001750
00001853
0000195E
00001A6F
00001B86
00001CA4
00001DC8
00001EF2
00002022
00002157
00002292
000023D3
00002519
00002664
000027B4
00002909
00002A62
00002BBF
00002D20
00002E85
00002FED
00003159
000032C8
00003439
000035AC
00003722
0000389A
00003A13
00003B8D
00003D08
00003E84
00004000
0000417C
000042F8
00004473
000045ED
00004766
000048DE
00004A54
00004BC7
00004D38
00004EA7
00005013
0000517B
000052E0
00005441
0000559E
000056F7
0000584C
0000599C
00005AE7
00005C2D
00005D6E
00005EA9
00005FDE
0000610E
00006238
0000635C
0000647A
00006591
000066A2
000067AD
000068B0
000069AE
00006AA4
00006B94
00006C7E
00006D60
00006E3C
00006F11
00006FDF
000070A6
00007167
00007222
000072D5
00007382
00007429
000074CA
00007564
000075F8
00007686
0000770E
00007791
0000780E
00007885
000078F7
00007963
000079CA
00007A2D
00007A8A
00007AE3
00007B38
00007B88
00007BD3
00007C1B
00007C5F
00007C9F
00007CDB
00007D14
00007D49
00007D7B
00007DAB
00007DD7
00007E00
00007E27
00007E4B
00007E6D
00007E8D
00007EAB
00007EC6
00007EE0
00007EF7
00007F0D
00007F22
00007F35
00007F46
00007F57
00007F66
00007F73
00007F80
00007F8C
00007F96
00007FA0
00007FA9
00007FB2
00007FB9
00007FC0
00007FC6
00007FCC
00007FD1
00007FD6
00007FDB
00007FDE
00007FE2
00007FE5
00007FE8
00007FEB
00007FED
00007FEF
00007FF1
00007FF3
00007FF5
00007FF6
00007FF7
00007FF8
00007FF9
00007FFA
00007FFB
00007FFC
00007FFD
00007FFD
00007FFE
00007FFE
00007FFE
00007FFF
00007FFF
00007FFF
00008000
00008000
00202000
00101000
00082B81
00040400
00020200
00010100
000081ED
00004041
00002021
00001021
0000085B
00000420
0102020C
00320A03
00000003
FFE80100
00400010
0001FF80
00800000
0102020C
01320903
02000003
FFD00100
00100020
0002FF88
00400000
0102020C
02320803
02000003
FF880100
00280050
0006FED4
00200000
0102021A
02320802
00000000
00000100
00500000
0000FB28
00200000
01020236
02320801
00000000
00000100
00A00000
0000EC50
00200000
FF020240
02320800
00000000
00000100
01400000
0000D8A0
00200000
FF020240
03320700
00000001
00000100
02800000
0258D940
00100000
FF020240
04320600
00002000
00000100
05000000
0000DA80
00100000
FF020240
05320500
00003000
00000100
0A000000
0000DD00
00100000
FF020240
06320400
00003800
00000100
11800000
0000E5C0
00100000
FF020240
07320300
00003F00
00000100
24400000
0000EDE0
00400000
FF020240
08320200
00003F00
00000100
00000000
00000000
00200000
FF030740
024B0800
00000002
00000100
01400000
012CD8A0
00200000
FF030740
034B0700
00003001
00000100
02800000
0258D940
00400000
FF030740
044B0600
00003800
00000100
05000000
0000DA80
00400000
FF030740
054B0500
00003C00
00000100
0A000000
0000DC38
00400000
FF030740
064B0400
00003800
00000100
14000000
0000E200
00100000
FF030740
074B0300
00003F00
00000100
28000000
0000EC00
00400000
FF030740
084B0200
00003F00
00000100
00000000
00000000
00200000
FF030740
034B0700
00002001
00000140
02800000
0258D940
00280000
FF030740
034B0700
00003001
00000100
02800000
0258D940
00400000
FF030740
034B0700
00002001
00000140
02800000
0258D940
00280000
FF030740
034B0700
00003001
00000100
02800000
0258D940
00400000
01020202
02320802
01000003
FF100100
005001E0
0010FB28
00200000
FF030740
084B0100
00013F00
00000100
00000000
00000000
00100000
00000040
00000020
00000010
00000010
00000010
00000010
00000008
00000004
00000002
00000001
00000000
00000000
00000040
00000040
00000040
00000040
00000040
00000040
00000000
00000000
00000000
00000000
00000000
00000000
00000000
00000020
00004040
00000105
00000540
00000400
00000020
00002020
00000105
000001C0
00000400
00000020
00001020
00000105
000001C0
00000400
00000020
00000860
00000105
000001C0
00000400
00000000
00000000
00000000
00000000
00000000
00000000
00000000
00000000
00000000
00000000
00000000
00000000
00000000
00000000
00000000
00000000
00000000
00000000
00000000
00000000
00000000
00000000
00000000
00000000
2B302D23
00000020
004C6C68
45676665
00004746
33323130
37363534
42413938
46454443
00000000
33323130
37363534
62613938
66656463
00000000
FFFFC5D8
FFFFC5EE
FFFFC5AE
FFFFC5AE
FFFFC5AE
FFFFC5AE
FFFFC5EE
FFFFC5AE
FFFFC5AE
FFFFC5AE
FFFFC5AE
FFFFC748
FFFFC62C
FFFFC71A
FFFFC5AE
FFFFC5AE
FFFFC778
FFFFC5AE
FFFFC62C
FFFFC5AE
FFFFC5AE
FFFFC722
FFFFD5A2
FFFFD5A2
FFFFD5BA
FFFFD59C
FFFFD59C
FFFFD648
FFFFD5BA
FFFFD59C
FFFFD648
FFFFD59C
FFFFD5BA
FFFFD59A
FFFFD59A
FFFFD59A
FFFFD648
FFFFE240
FFFFE2A0
FFFFE248
FFFFE2A0
FFFFE294
FFFFE2A0
FFFFE248
FFFFE240
FFFFE240
FFFFE294
FFFFE248
FFFFE228
FFFFE228
FFFFE228
FFFFE24C
02020100
03030303
04040404
04040404
05050505
05050505
05050505
05050505
06060606
06060606
06060606
06060606
06060606
06060606
06060606
06060606
07070707
07070707
07070707
07070707
07070707
07070707
07070707
07070707
07070707
07070707
07070707
07070707
07070707
07070707
07070707
07070707
08080808
08080808
08080808
08080808
08080808
08080808
08080808
08080808
08080808
08080808
08080808
08080808
08080808
08080808
08080808
08080808
08080808
08080808
08080808
08080808
08080808
08080808
08080808
08080808
08080808
08080808
08080808
08080808
08080808
08080808
08080808
08080808
00000000
E147AE14
4018147A
00000000
402E0000
00000000
40000000
00000000
40240000
00000000
40590000
00000000
408F4000
3F800000
42C80000
4BF42400
00000001
2008D13E
2008D13E
00000000
2008D13E
2008D13E
2008D13E
00000000
2008D13E
2008D13E
2008D13E
2008D13E
2008D13E
2008D13E
2008D13E
2008D13E
2008D13E
00000000
00000000
C20056A2
C2005784
C2005746
C2005708
C20056CA
00000000
00000000
00000000
00000000
00000000
00000000
2008E5D6
00000000
00000000
00000000
00000000
00000000
00000000
00000000
C20057BE
00000000
C2005834
C2005826
C2005818
C200580A
C20057FC
C20057EE
C20057E0
C20057D2
C2004C36
00000000
00000000
C006715D
C416C212
C81EC61A
CC2ECA2A
D036CE32
D43ED23A
DE46DC42
C2F6C0F2
C6FEC4FA
7EE5D073
7EF65073
7EB6D073
7ED090F3
30047073
907352D2
52C27C42
34129073
907352B2
40823422
42A24212
43C24332
45E24552
56824672
57A25712
58F25862
4E964E06
4FB64F26
00736161
A0013020
07334761
351702E5
0513DFFF
36B7EBA5
A783C30D
0637C146
8FF1F000
5D38953A
83110712
AA238FD9
A783C0F6
0737C206
8FF9FFF0
0C87E793
C2F6A023
27B78082
A703C30D
36974DC7
8693DFFF
8361E7A6
02E68D23
4DC7A703
88238341
A70302E6
A7830D47
07060F87
833583D1
CAF88BBD
8082CEBC
C30D3737
C1072783
06B70532
8131FFF0
8FC98FF5
C0F72823
07938082
E7630400
779302C7
C7890036
8E1D0611
0FF67613
0E634791
471500F5
16634781
37B700E5
8793C30D
4701E007
00C74863
37B78082
8793C30D
BFC5D807
FFC77693
428896AE
00F706B3
C2880711
3797B7C5
8793DFFF
4BD8DE27
073346E1
97BA02D7
47955FB8
02E787B3
C30D2737
40472703
D693C13D
06850097
063706C2
82C1FF00
0FF60613
8F7106A2
26B78F55
A603C30D
83914006
07B20785
FFF005B7
83B18E6D
46378FD1
0613001D
05621D46
40F6A023
F6378D51
A783011F
06134086
8D711FF6
FEE01637
E0060613
8D5D8FF1
40A6A423
40E6A223
06B78082
8693FF00
8F750FF6
00A006B7
3737B755
2783C30D
0512C0C7
75138D4D
F7930335
8D5DFCC7
C0A72623
B3178082
02E7A1F7
47616D63
02E50733
DFFF3517
D2050513
C30D36B7
C146A783
F0000637
8FF14581
5D38953A
07124505
8FD98311
C0F6AA23
C206A783
FFF00737
E7938FF9
A0233E87
3F71C2F6
A1F7B317
6B030067
DFFF3697
16468693
C30507B7
C6034798
C7830196
46990186
02C79C63
00F6ED63
04900693
00F6D6B3
C6918A85
07B79B79
C798C305
469D8082
00F6EA63
09200693
00F6D7B3
C3998B85
B7D59B75
B7C59B6D
04F6E763
04900693
00F6D6B3
FFF6C693
EA918A85
E863459D
059300C5
D5B30920
898500C5
4599E19D
08C5E563
04900593
00C5D5B3
CDB58985
EC63459D
059304F5
D5B30920
898500F5
9B71C5A9
4685BF49
469DBFD9
00F6EE63
09200693
00F6D6B3
C6998A85
04634689
469502D6
02D60163
E6E3469D
0693F6C6
D6330920
8A0500C6
4689DE39
00D78563
9AE34695
9B65F4D7
EA81B7B9
0C634589
459500B6
00B60963
4689FACD
00D78563
94E34695
9B69FAD7
F2C5B73D
BFF94685
A1F7B317
57C302E7
C30E07B7
76C143B8
F7F68693
C3B89B41
8F755FB8
3DE9DFB8
A1F7B317
58030067
A1F7B317
53A302E7
79818413
00044703
26059963
C30E07B7
0BC7A683
B87978B7
6422C337
0FF6F693
49014601
4F894981
3FF88893
ABA952B7
3FE30313
97B34F15
083300BF
F39302F5
A7B30FF5
0EB302A7
BE330118
8493010E
9E26FFF7
000E1463
1DD37463
6463E399
97221C58
02C70223
C30E05B7
00099863
684EE7B7
18078793
1B27FB63
0A05A783
0A85A503
FF000737
8D79177D
E1F7F713
18076713
07427841
F7B38341
A4230107
8FD90AA5
A0234711
05B30AF5
47C140C7
40B7D7B3
001F0737
8FF907C2
07136705
0537F007
8FD9C30E
001F1737
0A852803
F0070713
F7378FF9
0713FFE0
77330FF7
8FD900E8
0AF52423
0A452783
2F000737
83A107A2
47058FD9
473DC609
40B75733
07128B3D
F0F7F793
07378FD9
2223C30E
27830AF7
47110AC7
12E61763
01F99713
00195913
01276933
C0000737
D993177D
8FF90019
C30E04B7
0AF4A623
032687B3
3B9AD537
A0050513
0B84AA03
07A12637
02D985B3
37B3953E
B6B300F5
95B60326
468195BE
A1F79097
6B8080E7
054277C1
00FA7A33
6A338141
563700AA
061301E8
46818006
AC2385CE
854A0B44
A1F79097
690080E7
01E855B7
80058593
02A585B3
0C04A783
0FF57713
F793667D
8FD9F007
0CF4A023
0C44A983
84860613
05B34681
951340B9
81BD0115
A1F79097
654080E7
FE0007B7
F9B3051E
811D00F9
00A9E9B3
0D34A223
00044783
A783E3BD
C43C0A84
0A04A783
A783C47C
C83C0A44
0B84A783
A783C87C
CC3C0C04
0C44A783
4783CC7C
943E0004
02444503
A1F7B317
34E30067
8942861E
058589BE
E1E597E3
A783BD1D
A5030A05
07370A85
8D590100
E1F7F713
06076713
0737BD81
8FD94000
4705B5E5
FAE79FE3
0A84A783
A783D41C
D45C0A04
0A44A783
A783D81C
D85C0B84
0C04A783
A783DC1C
DC5C0C44
E715BF59
07B74438
A423C30E
44780AE7
0AE7A023
A2234838
48780AE7
0AE7AC23
A0234C38
4C780CE7
0CE7A223
4785B7AD
F6F713E3
07B75418
A423C30E
54580AE7
0AE7A023
A2235818
58580AE7
0AE7AC23
A0235C18
5C580CE7
07B7BFC1
5788C30F
89058165
B3178082
02E7A1F7
04372543
401CC30E
17797769
7037E793
9BF9C01C
2783C01C
69890A04
87138FF9
8FD9E1E9
20236711
8FD90AF4
0AF42023
16051F63
0E042783
80F90737
E0070713
07378FF9
07595C04
D7138FD9
77130187
06B7F9F7
16FD0100
02076713
0EF42023
8FF50762
20238FD9
24830EF4
76C10B44
03200513
E874F713
83410742
8CD98CF5
0A942A23
1004E493
0A942A23
0C842903
177D7779
00E97933
B7F90737
E0070713
07378FF9
07794003
0D242423
20238FD9
F4930EF4
2A23FBF4
E4930A94
2A230404
F4930A94
4097FBF4
80E7A1F7
6933B5C0
2A230139
24230A94
27830D24
07130CC4
44010FF0
0FF7F793
04E78163
0FE00713
8C634405
071302E7
44090FC0
02E78763
0F800713
8263440D
071302E7
44110F00
00E78D63
0E000713
88634415
071300E7
44190C00
00E78363
09B7441D
A783C30E
77450AC9
1693177D
8FF900C4
A6238FD5
77F90AF9
793317FD
A42300F9
E4930D29
AA230204
E4930A99
AA230404
05130A99
409703C0
80E7A1F7
8613AC00
47837981
A7030006
86930D09
75930047
078A07F7
831D068A
8B7D96B2
C658963E
C6C0C2CC
C30F06B7
76415A9C
8FF10596
8FCD8FD9
8C5D0432
B317DA80
0067A1F7
07B70DC3
4709E000
1D6317FD
270306E5
06B70E04
0637C30F
8FF9FFE1
0EF42023
0E042783
20000737
8FD9167D
0EF42023
0B442783
0187E713
0FF77713
F007F793
2A238FD9
27830AF4
5A980B84
8B7D8FF1
8FD90742
06375A98
167D8100
77138315
076207F7
8FD98FF1
0AF42C23
0AC42783
66BD5A98
76C58F75
8FF516FD
26238FD9
BFA50AF4
0E042703
859375E1
8FF90E05
0EF42023
0E042783
20000737
20238FD9
27830EF4
E7130B44
77130187
F7930FF7
8FD9F007
0AF42A23
79818713
00074603
0B842683
00460793
97BA078A
43DC060A
4650963A
07F7F793
8A7D07A2
D6138FD1
8E6D0106
06C28FD1
07C282C1
2C238FD5
46830AF4
27830007
06910AC4
9736068A
8B3D4758
BF850732
A1F7B317
FB4302E7
000F4437
24040413
02855433
DFFF3797
A947A783
043384AE
47C102F4
02F44433
3B01942A
0F634705
F79304E5
85930FF4
64637981
41D80497
00871363
4598C499
02871263
9F634705
802300E4
852200F5
34194585
4505842A
852231DD
A1F7B317
F7430067
00F58023
94AE048A
45818522
32DDC0C0
4501842A
17F9B7C5
00F58023
B7DD14F9
45818522
842A3AC1
B7E94509
A1F7B317
F1C302E7
FFF867B7
EE078793
4585953E
07373F91
2783C30E
27030B07
46110A87
8B8583D1
136346BD
468900C5
0613767D
06A20FF6
8F558F71
C30E06B7
0AE6A423
0AC6A703
167D7645
66158F71
A6238F51
853E0AE6
A1F7B317
EE830067
A1F7B317
EBC302E7
842A4581
07B73DF5
86AAC30E
0B07A503
055D5737
0C07A783
07138151
8905A7F7
00876363
470516FD
00D71733
FF0106B7
771316FD
07420FF7
8FD98FF5
C30E0737
0CF72023
A1F7B317
E9430067
A1F7B317
E68302E7
DFFF3417
94040413
01144783
84AA1141
38C9C791
DFFF3797
92078EA3
01044783
18079563
3FBD8526
C6026785
C63E17FD
07B74732
A023C30E
579808E7
D7989B79
C30D37B7
C307A683
C30507B7
01000737
8F75479C
01A44603
C231C329
47014685
01844583
01944603
04C59D63
EB634699
069302B6
D6B30490
8A8500B6
9BF9C685
07378FD9
C71CC305
08234785
C44400F4
B3170141
0067A1F7
4685DF23
4681D271
BF7D4705
EB63469D
069300B6
D5B30920
898500B6
9BF5C581
B7D90706
070A9BED
4819B7C1
04B86363
04900813
00B85833
00187813
02080B63
6E63481D
081300C8
58330920
781300C8
06630018
06860008
9BF19736
4809B771
01060563
16634815
068A0106
9BE99736
481DBFA5
04B86563
09200813
00B85833
00187813
02080D63
6F634819
081300C8
58330490
781300C8
07630018
07060008
9BF196BA
B7918FD5
05634809
48150106
01061763
97360686
9BE50706
4809B735
01058563
92E34815
4819F305
00C86E63
04900813
00C85833
00187813
00080663
96BA070A
BF7D9BE9
85634809
48150105
EF059DE3
EAE3459D
0593EEC5
D6330920
8A0500C5
EE0603E3
96BA0706
9BE50686
445CBF51
81E34501
8526EE97
BDE13BC5
C30B07B7
08A7A823
00156513
08A7A823
87936789
06B77107
A703C30B
17FD0906
CB018B09
00014729
FF75177D
4505F7FD
DFF58082
87936785
05B73897
4509C30B
D7F517FD
56934190
566301F6
06930006
64630017
873600D5
4501B7E5
47838082
872A0005
00154503
052207C2
45038FC9
8D5D0027
97634791
179300F5
45030085
8D5D0037
B3178082
02E7A1F7
1141C223
C402842A
7073C602
47993004
06000537
00F10423
07933FB1
04230200
458D00F1
01045793
00910513
04A38021
052300F1
05A30081
3F610001
C30B07B7
08A7AA23
05800437
200A0537
04133725
04B70804
8522C30B
CD013F31
0FF57513
F9758905
30046073
B3170141
0067A1F7
A503BD63
B7DD0A04
A1F7B317
BA4302E7
C30E0437
08042483
03200513
FEF4F793
08F42023
A1F73097
542080E7
F6F4F493
08942023
06400513
A1F73097
52E080E7
8CFD77FD
03200513
08942023
A1F73097
51A080E7
E793541C
D41C0017
CCCFF0EF
A1F7B317
B7030067
A1F7B317
B44302E7
DFFF2797
61C78793
0117C703
C719843E
DB0FF0EF
DFFF2797
60078CA3
01044783
3F9DC791
DFFF2797
60078423
A1F7B317
B3430067
A1F7B317
B08302E7
DFFF2417
5E040413
01044783
C79184AA
279737B1
8F23DFFF
47835C07
90630114
85261A07
073736C1
433CC30E
00F7E693
0FF6F693
F007F793
C33C8FD5
76C15F3C
F7F68693
66C18FF5
08068693
DF3C8FD5
C30D37B7
C307A683
C30507B7
01000737
8EF9479C
01A44603
C621C2A1
47054681
01844583
01944603
04C59F63
ED634699
069302B6
D6B30490
8A8500B6
9BF9C695
07378FD9
C71CC305
08A34785
C44400F4
A1F7B317
A8430067
D2794705
46854701
4685B7C1
BF6D4701
EB63469D
069300B6
D5B30920
898500B6
9BF5C581
B7C90706
070A9BED
4819BF75
04B86363
04900813
00B85833
00187813
02080B63
6E63481D
081300C8
58330920
781300C8
06630018
06860008
9BF19736
4809B761
01060563
16634815
068A0106
9BE99736
481DBF95
04B86563
09200813
00B85833
00187813
02080D63
6F634819
081300C8
58330490
781300C8
07630018
07060008
9BF196BA
B7818FD5
05634809
48150106
01061763
97360686
9BE50706
4809B725
01058563
90E34815
4819F305
00C86E63
04900813
00C85833
00187813
00080663
96BA070A
BF7D9BE9
85634809
48150105
EF059BE3
E8E3459D
0593EEC5
D6330920
8A0500C5
EE0601E3
96BA0706
9BE50686
445CBF51
8FE34501
8526EC97
BDD13C31
A1F7B317
91A302E7
07B347E1
110102F5
DFFF2517
F7C50513
00011F23
FFF58713
0793953E
460326B0
FD630755
460900E7
01E10593
F0EF4511
4609924F
01E10593
A8094515
6063842E
F61302B6
45110FF5
89C18593
906FF0EF
85264481
B3176105
0067A1F7
89938F03
191389C1
C6320016
00C984B3
451185CE
00896B63
8DEFF0EF
85A64632
40C40633
0FF67613
F0EFBF55
46328CCF
451585A6
8C2FF0EF
412404B3
FB240DE3
85B38626
85130129
809752C1
80E7A1F7
B755A6C0
A1F7B317
87C302E7
05B787AE
95AAC200
8097853E
80E7A1F7
4501A500
A1F7B317
88430067
A1F7B317
858302E7
464585AA
00040537
B31737F1
0067A1F7
B31786A3
02E7A1F7
04B783E3
44010580
08048493
C30B0937
3EBD8526
2403E509
74130A09
77930FF4
F7FD0014
A1F7B317
83830067
A1F7B317
80C302E7
C20007B7
7073953E
47813004
00F58733
00074683
00F50733
00230785
17E300D7
3755FEF6
30046073
A3174501
0067A1F7
A3177FE3
02E7A1F7
11417D23
0537C62A
36450004
464545B2
00040537
01413775
A1F7A317
7D830067
A1F7A317
7AC302E7
0537842A
3CDD0600
C30B07B7
0A87A423
01009537
3F8134E5
A1F7A317
7B030067
A1F7A317
784302E7
30047073
20000513
607337E1
64393004
000314B7
80040413
84936905
85228004
3E25944A
FE941DE3
00022637
C200E537
7F860613
C20415B7
80050513
A1F78097
926080E7
00030537
85934621
15618081
70733705
05133004
3F9D22C0
30046073
A1F7A317
74030067
A1F7A317
6FA302E7
DFFF2417
D6440413
00544783
0FF00713
89AA1141
9B638A2E
02A300E7
24230134
01410344
A1F7A317
70230067
84C1C683
84C18713
28069F63
DFFF2717
5A674703
26970705
8E23DFFF
468358E6
54780024
DFFF2917
58E90913
936316FD
177D00F6
DFFF3497
55C48493
5418C098
00F48223
C4D84795
24E7EC63
A1F7B617
A6460613
00271693
429C96B2
878297B2
DFFF3797
5207AC23
47D55058
00F71863
C09C4785
DFFF3797
52078023
00094783
0FF7F793
C783CF91
47030044
E9630024
478300E7
17FD0009
0FF7F793
00F90023
00094783
0FF7F793
8793C7A9
4798F141
16634685
468300D7
88630054
479802E6
4BD4EB0D
82634709
4BD802E6
4703E701
CF010054
47054BD4
00E69D63
00244703
00544683
1663177D
43D800D7
0187C503
50589702
1CE347AD
4C1CEEF7
88E3577D
4703EEE7
46830024
177D0054
EED711E3
CC1C17FD
EC079DE3
20973451
80E7A1F7
27974660
8423DFFF
B5F14A07
47D55058
04F71263
D83FE0EF
03744783
DFFF2717
48F707A3
02E44703
84418793
00E78023
0007C783
0FF7F793
4785EFB1
5783C49C
A0230404
578384F1
27170424
1123DFFF
BDDD46F7
C30D3737
C6472783
0187D693
02D408A3
0107D693
02D40923
0087D693
02F40A23
02D409A3
C30D27B7
0907A783
8B9D83C1
02F40AA3
C2072783
83B107B2
B749CC7C
C49C4789
8401A023
3797B575
AD23DFFF
50583C07
19E347D5
4783EAF7
17FD0009
0FF7F793
00F90023
4683B545
505C0034
2717C2A9
0AA3DFFF
472DB407
FCE79BE3
C49C4785
02E44783
84F18223
03744783
DFFF2717
3CF703A3
04045783
84F1A023
03844783
E60782E3
DFFF2797
B4078A23
46ADBDA1
F8D79FE3
C49C4789
E4F716E3
03844783
F7930785
0C230FF7
786302F4
464104F7
DFFF3597
34858593
7097850A
80E7A1F7
4A826740
00414A03
49B24422
A1F72097
31C080E7
A1F74097
D26080E7
A1F73097
FD6080E7
00234785
A02300F9
82230154
A6230144
C4800134
1503B39D
20970444
80E7A1F7
B7253060
C49C4789
4783BBE1
F7930007
84E30FF7
4783D407
47050007
0FF7F493
D2F719E3
577D4C1C
D2E785E3
CC1C17FD
D20791E3
84018623
A1F72097
2AC080E7
DFFF2797
2E078723
279738A1
8623DFFF
27972C97
8123DFFF
3797EE07
8793DFFF
C38429A7
DFFF3717
28070A23
C798470D
0737B1CD
433CC309
8B858395
0793CB81
C37C0200
F7935F1C
DF1CFDF7
C3090737
8391433C
E7898B85
8399433C
C3858B85
07B74741
C3F8C309
C30906B7
02000713
83914E9C
E7818B85
177D429C
8082FB75
00000000
0000FF00
00000000
00000000
00000000
00000000
00000000
00000000
00000000
00000000
00000000
01000000
00000000
00000000
00000000
00000000
00000000
00000000
00000000
00000000
00000000
00000000
00000000
00000000
00000000
00000000
00000000
00000000
00000000
00000000
00000000
00000000
00000000
00000000
00000000
00000000
00000000
00000000
00000000
00000000
00000000
00000000
00000000
00000000
00000000
00000000
00000000
00000000
00000000
00000000
00000000
00000000
00000000
00000000
00000000
00000000
00000000
00000000
00000000
00000000
00000000
00000000
00000000
00000000
00000000
00000000
00000000
00000000
00000000
00000000
00000000
00000000
00000000
00000000
00000000
00000000
00000000
00000000
00000000
00000000
00000000
00000000
00000000
00000000
00000000
00000000
00000000
00000000
00000001
00000000
00000001
00000001
00030103
00000001
00000001
35A9CB00
00000014
00000012
00000000
00000000
00000001
B1400000
0000007B
00000000
01000004
3DB82000
00000000
04000000
00020000
001FD810
00000000
00040000
08000300
0000113D
00000800
00000400
A8040004
00000008
00000004
05000004
04CF0400
02000000
04000000
00060000
00030704
00010000
00040000
04000700
000001F8
00000080
00000400
8B040008
40000001
00000000
09000004
010D0400
00400000
04000000
000A0000
0000DF02
00004000
00040000
02000B00
000000C0
00000040
00000400
00050000
D0000040
000001FB
00000000
D4000004
0100000F
20000401
FBD00000
00000001
04000000
0D4A0000
02020000
00140004
01E88E00
00000000
00040000
00054400
05020300
00001400
0000997A
00000000
00000400
000006D8
00060204
E4000014
0000008D
00000000
32000004
05FFFFFD
14000602
53F40000
00000000
04000000
05320000
03060000
000C0005
004D1000
00000000
00040000
FFFEB000
040307FF
00000C00
00002EE0
00000000
00000400
FFFFFF76
00030308
E000000A
00000015
00000000
BE000004
09FFFFFF
06000203
0AF00000
00000000
04000000
FFEC0000
030AFFFF
00040001
00057800
00000000
00040000
FFFFD600
00030BFF
00000200
00000320
00000000
00000400
00000000
0006020C
A8000014
00000061
00000000
80000004
0D000004
0C000503
4E200000
00000000
04000000
FE400000
030EFFFF
000C0004
004E2000
00000000
00040000
FFFB1E00
03040FFF
00000A00
00004E20
00000000
00000400
FFFFF9C0
00020410
10000006
00000027
00000000
A8000004
11FFFFFD
06000104
0FA00000
00000000
04000000
FEA20000
0312FFFF
00020000
00032000
00000000
00040000
00000000
05031300
00000600
00004E20
00000000
00000400
FFFFFD78
00050314
2000000C
0000004E
00000000
72000004
15FFFFFE
06000503
4E200000
00000000
04000000
FE0E0000
0316FFFF
000C0005
004E2000
00000000
00040000
FFFE0E00
050217FF
00001400
0000FDE8
00000000
00000400
000004E4
00000418
B0000002
00000004
00000000
00000004
00000000
00000014
00000000
00000000
00000000
00000000
00000000
00010201
4000001C
00000C0E
00000014
2000001A
00000C0E
00000013
1000001E
00000C0E
00000012
8000001E
00000C0C
00000011
02000014
00000C0F
00000010
1000001D
00000C0C
0000000F
02000017
00000C0E
0000000E
08000010
00000C0C
0000000D
01000012
00000C0E
0000000C
0200001F
00000C0C
0000000B
20000016
00000C08
0000000A
10000013
00000C08
00000009
0800001F
00000C08
00000008
00400014
00000C0E
00000007
0020001F
00000C0F
00000006
02000016
00000C08
00000005
0040001F
00000C0C
00000004
01000012
00000C08
00000003
01000008
00000C08
00000002
0080001F
00000C08
00000001
00200018
00000C0C
00000000
00200008
00000C0C
FFFFFFFF
0040000F
00000C08
FFFFFFFE
00400006
00000C08
FFFFFFFD
00400004
00000C08
FFFFFFFC
00100010
00000C0C
FFFFFFFB
0020000D
00000C08
FFFFFFFA
00200008
00000C08
FFFFFFF9
00080006
00000C0F
FFFFFFF8
0008000F
00000C0E
FFFFFFF7
0008000A
00000C0E
FFFFFFF6
00100010
00000C08
FFFFFFF5
00100006
00000C08
FFFFFFF4
00100003
00000C08
FFFFFFF3
00040015
00000CCF
FFFFFFF2
0004001F
00000C8F
FFFFFFF1
00040018
00000C8F
FFFFFFF0
0004001F
00000C0F
FFFFFFEF
00080018
00000C08
FFFFFFEE
00080012
00000C08
FFFFFFED
00040017
00000C0E
FFFFFFEC
0004000B
00000C0E
FFFFFFEB
00040007
00000C0E
FFFFFFEA
00080000
00000C08
FFFFFFE9
00040014
00000C0C
FFFFFFE8
0004000C
00000C0C
FFFFFFE7
00040005
00000C0C
FFFFFFE6
00040000
00000C0C
FFFFFFE5
00020017
00000FFF
FFFFFFE4
00020010
00000FFF
FFFFFFE3
00040014
00000C08
FFFFFFE2
00040009
00000C08
FFFFFFE1
00040003
00000C08
FFFFFFE0
00040000
00000C08
FFFFFFDF
0002001D
00000C8F
FFFFFFDE
00010001
00000EFF
FFFFFFDD
00010005
00000CFF
FFFFFFDC
00010003
00000CEF
FFFFFFDB
00010003
00000CCF
FFFFFFDA
00010001
00000C8F
FFFFFFD9
0001000C
00000C8F
FFFFFFD8
00000000
00000000
00000003
00000002
00030103
00000000
00000000
35A9CB00
00000014
00000012
00000000
00000000
00000001
00000001
00000001
35A9CB00
00000014
00000012
00000202
00000000
00000000
00000001
00000000
35A9CB00
00000014
00000012
00000006
00000000
00000000
00000000
C200A380
C200A3A0
C200A360
00000000
00000000
00000000
00000000
00000000
00000000
00000000
00000000
00000000
00000000
00000000
00000000
00000000
00000000
00000000
00000000
00000000
00000000
00000000
00000000
00000000
00082BF0
00000001
00230401
51525251
000807F4
000807F4
FFFFFFFF
FFFFFFFF
FFFFFFFF
FFFFFFFF
FFFFFFFF
FFFFFFFF
FFFFFFFF
FFFFFFFF
FFFFFFFF
FFFFFFFF
FFFFFFFF
FFFFFFFF
FFFFFFFF
FFFFFFFF
FFFFFFFF
FFFFFFFF
FFFFFFFF
FFFFFFFF
FFFFFFFF
FFFFFFFF
FFFFFFFF
FFFFFFFF
FFFFFFFF
FFFFFFFF
FFFFFFFF
FFFFFFFF
FFFFFFFF
FFFFFFFF
FFFFFFFF
FFFFFFFF
FFFFFFFF
FFFFFFFF
FFFFFFFF
FFFFFFFF
FFFFFFFF
FFFFFFFF
FFFFFFFF
FFFFFFFF
FFFFFFFF
FFFFFFFF
FFFFFFFF
FFFFFFFF
FFFFFFFF
FFFFFFFF
FFFFFFFF
FFFFFFFF
FFFFFFFF
FFFFFFFF
FFFFFFFF
FFFFFFFF
FFFFFFFF
FFFFFFFF
FFFFFFFF
FFFFFFFF
FFFFFFFF
FFFFFFFF
FFFFFFFF
FFFFFFFF
FFFFFFFF
FFFFFFFF
FFFFFFFF
FFFFFFFF
FFFFFFFF
FFFFFFFF
FFFFFFFF
FFFFFFFF
FFFFFFFF
FFFFFFFF
FFFFFFFF
FFFFFFFF
FFFFFFFF
FFFFFFFF
FFFFFFFF
FFFFFFFF
FFFFFFFF
FFFFFFFF
FFFFFFFF
FFFFFFFF
FFFFFFFF
FFFFFFFF
FFFFFFFF
FFFFFFFF
FFFFFFFF
FFFFFFFF
FFFFFFFF
FFFFFFFF
FFFFFFFF
FFFFFFFF
FFFFFFFF
FFFFFFFF
FFFFFFFF
FFFFFFFF
FFFFFFFF
FFFFFFFF
FFFFFFFF
FFFFFFFF
FFFFFFFF
FFFFFFFF
FFFFFFFF
FFFFFFFF
FFFFFFFF
FFFFFFFF
FFFFFFFF
FFFFFFFF
FFFFFFFF
FFFFFFFF
FFFFFFFF
FFFFFFFF
FFFFFFFF
FFFFFFFF
FFFFFFFF
FFFFFFFF
FFFFFFFF
FFFFFFFF
FFFFFFFF
FFFFFFFF
FFFFFFFF
FFFFFFFF
FFFFFFFF
FFFFFFFF
FFFFFFFF
FFFFFFFF
FFFFFFFF
FFFFFFFF
FFFFFFFF
FFFFFFFF
FFFFFFFF
FFFFFFFF
FFFFFFFF
FFFFFFFF
FFFFFFFF
FFFFFFFF
FFFFFFFF
FFFFFFFF
FFFFFFFF
FFFFFFFF
FFFFFFFF
FFFFFFFF
FFFFFFFF
FFFFFFFF
FFFFFFFF
FFFFFFFF
FFFFFFFF
FFFFFFFF
FFFFFFFF
FFFFFFFF
FFFFFFFF
FFFFFFFF
FFFFFFFF
FFFFFFFF
FFFFFFFF
FFFFFFFF
FFFFFFFF
FFFFFFFF
FFFFFFFF
FFFFFFFF
FFFFFFFF
FFFFFFFF
FFFFFFFF
FFFFFFFF
FFFFFFFF
FFFFFFFF
FFFFFFFF
FFFFFFFF
FFFFFFFF
FFFFFFFF
FFFFFFFF
FFFFFFFF
FFFFFFFF
FFFFFFFF
FFFFFFFF
FFFFFFFF
FFFFFFFF
FFFFFFFF
FFFFFFFF
FFFFFFFF
FFFFFFFF
FFFFFFFF
FFFFFFFF
FFFFFFFF
FFFFFFFF
FFFFFFFF
FFFFFFFF
FFFFFFFF
FFFFFFFF
FFFFFFFF
FFFFFFFF
FFFFFFFF
FFFFFFFF
FFFFFFFF
FFFFFFFF
FFFFFFFF
FFFFFFFF
FFFFFFFF
FFFFFFFF
FFFFFFFF
FFFFFFFF
FFFFFFFF
FFFFFFFF
FFFFFFFF
FFFFFFFF
FFFFFFFF
FFFFFFFF
FFFFFFFF
FFFFFFFF
FFFFFFFF
FFFFFFFF
FFFFFFFF
FFFFFFFF
FFFFFFFF
FFFFFFFF
FFFFFFFF
FFFFFFFF
FFFFFFFF
FFFFFFFF
FFFFFFFF
FFFFFFFF
FFFFFFFF
FFFFFFFF
FFFFFFFF
FFFFFFFF
FFFFFFFF
FFFFFFFF
FFFFFFFF
FFFFFFFF
FFFFFFFF
FFFFFFFF
FFFFFFFF
FFFFFFFF
FFFFFFFF
FFFFFFFF
FFFFFFFF
FFFFFFFF
FFFFFFFF
FFFFFFFF
FFFFFFFF
FFFFFFFF
FFFFFFFF
FFFFFFFF
FFFFFFFF
FFFFFFFF
FFFFFFFF
FFFFFFFF
FFFFFFFF
FFFFFFFF
FFFFFFFF
FFFFFFFF
FFFFFFFF
FFFFFFFF
FFFFFFFF
FFFFFFFF
FFFFFFFF
FFFFFFFF
FFFFFFFF
FFFFFFFF
FFFFFFFF
FFFFFFFF
FFFFFFFF
FFFFFFFF
FFFFFFFF
FFFFFFFF
FFFFFFFF
FFFFFFFF
FFFFFFFF
FFFFFFFF
FFFFFFFF
FFFFFFFF
FFFFFFFF
FFFFFFFF
FFFFFFFF
FFFFFFFF
FFFFFFFF
FFFFFFFF
FFFFFFFF
FFFFFFFF
FFFFFFFF
FFFFFFFF
FFFFFFFF
FFFFFFFF
FFFFFFFF
FFFFFFFF
FFFFFFFF
FFFFFFFF
FFFFFFFF
FFFFFFFF
FFFFFFFF
FFFFFFFF
FFFFFFFF
FFFFFFFF
FFFFFFFF
FFFFFFFF
FFFFFFFF
FFFFFFFF
FFFFFFFF
FFFFFFFF
FFFFFFFF
FFFFFFFF
FFFFFFFF
FFFFFFFF
FFFFFFFF
FFFFFFFF
FFFFFFFF
FFFFFFFF
FFFFFFFF
FFFFFFFF
FFFFFFFF
FFFFFFFF
FFFFFFFF
FFFFFFFF
FFFFFFFF
FFFFFFFF
FFFFFFFF
FFFFFFFF
FFFFFFFF
FFFFFFFF
FFFFFFFF
FFFFFFFF
FFFFFFFF
FFFFFFFF
FFFFFFFF
FFFFFFFF
FFFFFFFF
FFFFFFFF
FFFFFFFF
FFFFFFFF
FFFFFFFF
FFFFFFFF
FFFFFFFF
FFFFFFFF
FFFFFFFF
FFFFFFFF
FFFFFFFF
FFFFFFFF
FFFFFFFF
FFFFFFFF
FFFFFFFF
FFFFFFFF
FFFFFFFF
FFFFFFFF
FFFFFFFF
FFFFFFFF
FFFFFFFF
FFFFFFFF
FFFFFFFF
FFFFFFFF
FFFFFFFF
FFFFFFFF
FFFFFFFF
FFFFFFFF
FFFFFFFF
FFFFFFFF
FFFFFFFF
FFFFFFFF
FFFFFFFF
FFFFFFFF
FFFFFFFF
FFFFFFFF
FFFFFFFF
FFFFFFFF
FFFFFFFF
FFFFFFFF
FFFFFFFF
FFFFFFFF
FFFFFFFF
FFFFFFFF
FFFFFFFF
FFFFFFFF
FFFFFFFF
FFFFFFFF
FFFFFFFF
FFFFFFFF
FFFFFFFF
FFFFFFFF
FFFFFFFF
FFFFFFFF
FFFFFFFF
FFFFFFFF
FFFFFFFF
FFFFFFFF
FFFFFFFF
FFFFFFFF
FFFFFFFF
FFFFFFFF
FFFFFFFF
FFFFFFFF
FFFFFFFF
FFFFFFFF
FFFFFFFF
FFFFFFFF
FFFFFFFF
FFFFFFFF
FFFFFFFF
FFFFFFFF
FFFFFFFF
FFFFFFFF
FFFFFFFF
FFFFFFFF
FFFFFFFF
FFFFFFFF
FFFFFFFF
FFFFFFFF
FFFFFFFF
FFFFFFFF
FFFFFFFF
FFFFFFFF
FFFFFFFF
FFFFFFFF
FFFFFFFF
FFFFFFFF
FFFFFFFF
FFFFFFFF
FFFFFFFF
FFFFFFFF
FFFFFFFF
FFFFFFFF
FFFFFFFF
FFFFFFFF
FFFFFFFF
FFFFFFFF
FFFFFFFF
FFFFFFFF
FFFFFFFF
FFFFFFFF
FFFFFFFF
FFFFFFFF
FFFFFFFF
FFFFFFFF
FFFFFFFF
FFFFFFFF
FFFFFFFF
FFFFFFFF
FFFFFFFF
FFFFFFFF
FFFFFFFF
FFFFFFFF
FFFFFFFF
FFFFFFFF
FFFFFFFF
FFFFFFFF
FFFFFFFF
FFFFFFFF
FFFFFFFF
FFFFFFFF
FFFFFFFF
FFFFFFFF
FFFFFFFF
FFFFFFFF
FFFFFFFF
FFFFFFFF
FFFFFFFF
FFFFFFFF
FFFFFFFF
FFFFFFFF
FFFFFFFF
FFFFFFFF
FFFFFFFF
FFFFFFFF
FFFFFFFF
FFFFFFFF
FFFFFFFF
FFFFFFFF
FFFFFFFF
FFFFFFFF
FFFFFFFF
FFFFFFFF
FFFFFFFF
FFFFFFFF
FFFFFFFF
FFFFFFFF
FFFFFFFF
FFFFFFFF
FFFFFFFF
FFFFFFFF
FFFFFFFF
FFFFFFFF
FFFFFFFF
FFFFFFFF
FFFFFFFF
FFFFFFFF
FFFFFFFF
FFFFFFFF
FFFFFFFF
FFFFFFFF
FFFFFFFF
FFFFFFFF
FFFFFFFF
FFFFFFFF
FFFFFFFF
FFFFFFFF
FFFFFFFF
FFFFFFFF
FFFFFFFF
FFFFFFFF
FFFFFFFF
FFFFFFFF
FFFFFFFF
FFFFFFFF
FFFFFFFF
FFFFFFFF
FFFFFFFF
FFFFFFFF
FFFFFFFF
FFFFFFFF
FFFFFFFF
FFFFFFFF
FFFFFFFF
FFFFFFFF
FFFFFFFF
FFFFFFFF
FFFFFFFF
FFFFFFFF
FFFFFFFF
FFFFFFFF
FFFFFFFF
FFFFFFFF
FFFFFFFF
FFFFFFFF
FFFFFFFF
FFFFFFFF
FFFFFFFF
FFFFFFFF
FFFFFFFF
FFFFFFFF
FFFFFFFF
FFFFFFFF
FFFFFFFF
FFFFFFFF
FFFFFFFF
FFFFFFFF
FFFFFFFF
FFFFFFFF
FFFFFFFF
FFFFFFFF
FFFFFFFF
FFFFFFFF
FFFFFFFF
FFFFFFFF
FFFFFFFF
FFFFFFFF
FFFFFFFF
FFFFFFFF
FFFFFFFF
FFFFFFFF
FFFFFFFF
FFFFFFFF
FFFFFFFF
FFFFFFFF
FFFFFFFF
FFFFFFFF
FFFFFFFF
FFFFFFFF
FFFFFFFF
FFFFFFFF
FFFFFFFF
FFFFFFFF
FFFFFFFF
FFFFFFFF
FFFFFFFF
FFFFFFFF
FFFFFFFF
FFFFFFFF
FFFFFFFF
FFFFFFFF
FFFFFFFF
FFFFFFFF
FFFFFFFF
FFFFFFFF
FFFFFFFF
FFFFFFFF
FFFFFFFF
FFFFFFFF
FFFFFFFF
FFFFFFFF
FFFFFFFF
FFFFFFFF
FFFFFFFF
FFFFFFFF
FFFFFFFF
FFFFFFFF
FFFFFFFF
FFFFFFFF
FFFFFFFF
FFFFFFFF
FFFFFFFF
FFFFFFFF
FFFFFFFF
FFFFFFFF
FFFFFFFF
FFFFFFFF
FFFFFFFF
FFFFFFFF
FFFFFFFF
FFFFFFFF
FFFFFFFF
FFFFFFFF
FFFFFFFF
FFFFFFFF
FFFFFFFF
FFFFFFFF
FFFFFFFF
FFFFFFFF
FFFFFFFF
FFFFFFFF
FFFFFFFF
FFFFFFFF
FFFFFFFF
FFFFFFFF
FFFFFFFF
FFFFFFFF
FFFFFFFF
FFFFFFFF
FFFFFFFF
FFFFFFFF
FFFFFFFF
FFFFFFFF
FFFFFFFF
FFFFFFFF
FFFFFFFF
FFFFFFFF
FFFFFFFF
FFFFFFFF
FFFFFFFF
FFFFFFFF
FFFFFFFF
FFFFFFFF
FFFFFFFF
FFFFFFFF
FFFFFFFF
FFFFFFFF
FFFFFFFF
FFFFFFFF
FFFFFFFF
FFFFFFFF
FFFFFFFF
FFFFFFFF
FFFFFFFF
FFFFFFFF
FFFFFFFF
FFFFFFFF
FFFFFFFF
FFFFFFFF
FFFFFFFF
FFFFFFFF
FFFFFFFF
FFFFFFFF
FFFFFFFF
FFFFFFFF
FFFFFFFF
FFFFFFFF
FFFFFFFF
FFFFFFFF
FFFFFFFF
FFFFFFFF
FFFFFFFF
FFFFFFFF
FFFFFFFF
FFFFFFFF
FFFFFFFF
FFFFFFFF
FFFFFFFF
FFFFFFFF
FFFFFFFF
FFFFFFFF
FFFFFFFF
FFFFFFFF
FFFFFFFF
FFFFFFFF
FFFFFFFF
FFFFFFFF
FFFFFFFF
FFFFFFFF
FFFFFFFF
FFFFFFFF
FFFFFFFF
FFFFFFFF
FFFFFFFF
FFFFFFFF
FFFFFFFF
FFFFFFFF
FFFFFFFF
FFFFFFFF
FFFFFFFF
FFFFFFFF
FFFFFFFF
FFFFFFFF
FFFFFFFF
FFFFFFFF
FFFFFFFF
FFFFFFFF
FFFFFFFF
FFFFFFFF
FFFFFFFF
FFFFFFFF
FFFFFFFF
FFFFFFFF
FFFFFFFF
FFFFFFFF
FFFFFFFF
FFFFFFFF
FFFFFFFF
FFFFFFFF
FFFFFFFF
FFFFFFFF
FFFFFFFF
FFFFFFFF
FFFFFFFF
FFFFFFFF
FFFFFFFF
FFFFFFFF
FFFFFFFF
FFFFFFFF
FFFFFFFF
FFFFFFFF
FFFFFFFF
FFFFFFFF
FFFFFFFF
FFFFFFFF
FFFFFFFF
FFFFFFFF
FFFFFFFF
FFFFFFFF
FFFFFFFF
FFFFFFFF
FFFFFFFF
FFFFFFFF
FFFFFFFF
FFFFFFFF
FFFFFFFF
FFFFFFFF
FFFFFFFF
FFFFFFFF
FFFFFFFF
FFFFFFFF
FFFFFFFF
FFFFFFFF
FFFFFFFF
FFFFFFFF
FFFFFFFF
FFFFFFFF
FFFFFFFF
FFFFFFFF
FFFFFFFF
FFFFFFFF
FFFFFFFF
FFFFFFFF
FFFFFFFF
FFFFFFFF
FFFFFFFF
FFFFFFFF
FFFFFFFF
FFFFFFFF
FFFFFFFF
FFFFFFFF
FFFFFFFF
FFFFFFFF
FFFFFFFF
FFFFFFFF
FFFFFFFF
FFFFFFFF
FFFFFFFF
FFFFFFFF
FFFFFFFF
FFFFFFFF
FFFFFFFF
FFFFFFFF
FFFFFFFF
FFFFFFFF
FFFFFFFF
FFFFFFFF
FFFFFFFF
FFFFFFFF
FFFFFFFF
FFFFFFFF
FFFFFFFF
FFFFFFFF
FFFFFFFF
FFFFFFFF
FFFFFFFF
FFFFFFFF
FFFFFFFF
FFFFFFFF
FFFFFFFF
FFFFFFFF
FFFFFFFF
FFFFFFFF
FFFFFFFF
FFFFFFFF
FFFFFFFF
FFFFFFFF
FFFFFFFF
FFFFFFFF
FFFFFFFF
FFFFFFFF
FFFFFFFF
FFFFFFFF
FFFFFFFF
FFFFFFFF
FFFFFFFF
FFFFFFFF
FFFFFFFF
FFFFFFFF
FFFFFFFF
FFFFFFFF
FFFFFFFF
FFFFFFFF
FFFFFFFF
FFFFFFFF
FFFFFFFF
FFFFFFFF
FFFFFFFF
FFFFFFFF
FFFFFFFF
FFFFFFFF
FFFFFFFF
FFFFFFFF
FFFFFFFF
FFFFFFFF
FFFFFFFF
FFFFFFFF
FFFFFFFF
FFFFFFFF
FFFFFFFF
FFFFFFFF
FFFFFFFF
FFFFFFFF
FFFFFFFF
FFFFFFFF
FFFFFFFF
FFFFFFFF
FFFFFFFF
FFFFFFFF
FFFFFFFF
FFFFFFFF
FFFFFFFF
FFFFFFFF
FFFFFFFF
FFFFFFFF
FFFFFFFF
FFFFFFFF
FFFFFFFF
FFFFFFFF
FFFFFFFF
FFFFFFFF
FFFFFFFF
FFFFFFFF
FFFFFFFF
FFFFFFFF
FFFFFFFF
FFFFFFFF
FFFFFFFF
FFFFFFFF
FFFFFFFF
FFFFFFFF
FFFFFFFF
FFFFFFFF
FFFFFFFF
FFFFFFFF
FFFFFFFF
FFFFFFFF
FFFFFFFF
FFFFFFFF
FFFFFFFF
FFFFFFFF
FFFFFFFF
FFFFFFFF
FFFFFFFF
FFFFFFFF
FFFFFFFF
FFFFFFFF
FFFFFFFF
FFFFFFFF
FFFFFFFF
FFFFFFFF
FFFFFFFF
FFFFFFFF
FFFFFFFF
FFFFFFFF
FFFFFFFF
FFFFFFFF
FFFFFFFF
FFFFFFFF
FFFFFFFF
FFFFFFFF
FFFFFFFF
FFFFFFFF
FFFFFFFF
FFFFFFFF
FFFFFFFF
FFFFFFFF
FFFFFFFF
FFFFFFFF
FFFFFFFF
FFFFFFFF
FFFFFFFF
FFFFFFFF
FFFFFFFF
FFFFFFFF
FFFFFFFF
FFFFFFFF
FFFFFFFF
FFFFFFFF
FFFFFFFF
FFFFFFFF
FFFFFFFF
FFFFFFFF
FFFFFFFF
FFFFFFFF
FFFFFFFF
FFFFFFFF
FFFFFFFF
FFFFFFFF
FFFFFFFF
FFFFFFFF
FFFFFFFF
FFFFFFFF
FFFFFFFF
FFFFFFFF
FFFFFFFF
FFFFFFFF
FFFFFFFF
FFFFFFFF
FFFFFFFF
FFFFFFFF
FFFFFFFF
FFFFFFFF
FFFFFFFF
FFFFFFFF
FFFFFFFF
FFFFFFFF
FFFFFFFF
FFFFFFFF
FFFFFFFF
FFFFFFFF
FFFFFFFF
FFFFFFFF
FFFFFFFF
FFFFFFFF
FFFFFFFF
FFFFFFFF
FFFFFFFF
FFFFFFFF
FFFFFFFF
FFFFFFFF
FFFFFFFF
FFFFFFFF
FFFFFFFF
FFFFFFFF
FFFFFFFF
FFFFFFFF
FFFFFFFF
FFFFFFFF
FFFFFFFF
FFFFFFFF
FFFFFFFF
FFFFFFFF
FFFFFFFF
FFFFFFFF
FFFFFFFF
FFFFFFFF
FFFFFFFF
FFFFFFFF
FFFFFFFF
FFFFFFFF
FFFFFFFF
FFFFFFFF
FFFFFFFF
FFFFFFFF
FFFFFFFF
FFFFFFFF
FFFFFFFF
FFFFFFFF
FFFFFFFF
FFFFFFFF
FFFFFFFF
FFFFFFFF
FFFFFFFF
FFFFFFFF
FFFFFFFF
FFFFFFFF
FFFFFFFF
FFFFFFFF
FFFFFFFF
FFFFFFFF
FFFFFFFF
FFFFFFFF
FFFFFFFF
FFFFFFFF
FFFFFFFF
FFFFFFFF
FFFFFFFF
FFFFFFFF
FFFFFFFF
FFFFFFFF
FFFFFFFF
FFFFFFFF
FFFFFFFF
FFFFFFFF
FFFFFFFF
FFFFFFFF
FFFFFFFF
FFFFFFFF
FFFFFFFF
FFFFFFFF
FFFFFFFF
FFFFFFFF
FFFFFFFF
FFFFFFFF
FFFFFFFF
FFFFFFFF
FFFFFFFF
FFFFFFFF
FFFFFFFF
FFFFFFFF
FFFFFFFF
FFFFFFFF
FFFFFFFF
FFFFFFFF
FFFFFFFF
FFFFFFFF
FFFFFFFF
FFFFFFFF
FFFFFFFF
FFFFFFFF
FFFFFFFF
FFFFFFFF
FFFFFFFF
FFFFFFFF
FFFFFFFF
FFFFFFFF
FFFFFFFF
FFFFFFFF
FFFFFFFF
FFFFFFFF
FFFFFFFF
FFFFFFFF
FFFFFFFF
FFFFFFFF
FFFFFFFF
FFFFFFFF
FFFFFFFF
FFFFFFFF
FFFFFFFF
FFFFFFFF
FFFFFFFF
FFFFFFFF
FFFFFFFF
FFFFFFFF
FFFFFFFF
FFFFFFFF
FFFFFFFF
FFFFFFFF
FFFFFFFF
FFFFFFFF
FFFFFFFF
FFFFFFFF
FFFFFFFF
FFFFFFFF
FFFFFFFF
FFFFFFFF
FFFFFFFF
FFFFFFFF
FFFFFFFF
FFFFFFFF
FFFFFFFF
FFFFFFFF
FFFFFFFF
FFFFFFFF
FFFFFFFF
FFFFFFFF
FFFFFFFF
FFFFFFFF
FFFFFFFF
FFFFFFFF
FFFFFFFF
FFFFFFFF
FFFFFFFF
FFFFFFFF
FFFFFFFF
FFFFFFFF
FFFFFFFF
FFFFFFFF
FFFFFFFF
FFFFFFFF
FFFFFFFF
FFFFFFFF
FFFFFFFF
FFFFFFFF
FFFFFFFF
FFFFFFFF
FFFFFFFF
FFFFFFFF
FFFFFFFF
FFFFFFFF
FFFFFFFF
FFFFFFFF
FFFFFFFF
FFFFFFFF
FFFFFFFF
FFFFFFFF
FFFFFFFF
FFFFFFFF
FFFFFFFF
FFFFFFFF
FFFFFFFF
FFFFFFFF
FFFFFFFF
FFFFFFFF
FFFFFFFF
FFFFFFFF
FFFFFFFF
FFFFFFFF
FFFFFFFF
FFFFFFFF
FFFFFFFF
FFFFFFFF
FFFFFFFF
FFFFFFFF
FFFFFFFF
FFFFFFFF
FFFFFFFF
FFFFFFFF
FFFFFFFF
FFFFFFFF
FFFFFFFF
FFFFFFFF
FFFFFFFF
FFFFFFFF
FFFFFFFF
FFFFFFFF
FFFFFFFF
FFFFFFFF
FFFFFFFF
FFFFFFFF
FFFFFFFF
FFFFFFFF
FFFFFFFF
FFFFFFFF
FFFFFFFF
FFFFFFFF
FFFFFFFF
FFFFFFFF
FFFFFFFF
FFFFFFFF
FFFFFFFF
FFFFFFFF
FFFFFFFF
FFFFFFFF
FFFFFFFF
FFFFFFFF
FFFFFFFF
FFFFFFFF
FFFFFFFF
FFFFFFFF
FFFFFFFF
FFFFFFFF
FFFFFFFF
FFFFFFFF
FFFFFFFF
FFFFFFFF
FFFFFFFF
FFFFFFFF
FFFFFFFF
FFFFFFFF
FFFFFFFF
FFFFFFFF
FFFFFFFF
FFFFFFFF
FFFFFFFF
FFFFFFFF
FFFFFFFF
FFFFFFFF
FFFFFFFF
FFFFFFFF
FFFFFFFF
FFFFFFFF
FFFFFFFF
FFFFFFFF
FFFFFFFF
FFFFFFFF
FFFFFFFF
FFFFFFFF
FFFFFFFF
FFFFFFFF
FFFFFFFF
FFFFFFFF
FFFFFFFF
FFFFFFFF
FFFFFFFF
FFFFFFFF
FFFFFFFF
FFFFFFFF
FFFFFFFF
FFFFFFFF
FFFFFFFF
FFFFFFFF
FFFFFFFF
FFFFFFFF
FFFFFFFF
FFFFFFFF
FFFFFFFF
FFFFFFFF
FFFFFFFF
FFFFFFFF
FFFFFFFF
FFFFFFFF
FFFFFFFF
FFFFFFFF
FFFFFFFF
FFFFFFFF
FFFFFFFF
FFFFFFFF
FFFFFFFF
FFFFFFFF
FFFFFFFF
FFFFFFFF
FFFFFFFF
FFFFFFFF
FFFFFFFF
FFFFFFFF
FFFFFFFF
FFFFFFFF
FFFFFFFF
FFFFFFFF
FFFFFFFF
FFFFFFFF
FFFFFFFF
FFFFFFFF
FFFFFFFF
FFFFFFFF
FFFFFFFF
FFFFFFFF
FFFFFFFF
FFFFFFFF
FFFFFFFF
FFFFFFFF
FFFFFFFF
FFFFFFFF
FFFFFFFF
FFFFFFFF
FFFFFFFF
